2026-09-26 16:23:33 procs=1 calls=17600 rate=baseline gpu=0 %/10 %/84 %/ ollama={"version":"0.33.2"}
2026-09-26 16:33:33 procs=1 calls=17652 rate=312/h gpu=37 %/27 %/40 %/ ollama={"version":"0.33.2"}
2026-09-26 16:43:33 procs=1 calls=17725 rate=438/h gpu=30 %/32 %/35 %/ ollama={"version":"0.33.2"}
2026-09-26 16:53:34 procs=1 calls=17790 rate=390/h gpu=36 %/88 %/100 %/ ollama={"version":"0.33.2"}
2026-09-26 17:03:34 procs=1 calls=17847 rate=342/h gpu=46 %/0 %/0 %/ ollama={"version":"0.33.2"}
2026-09-26 17:13:34 procs=1 calls=17927 rate=480/h gpu=35 %/27 %/34 %/ ollama={"version":"0.33.2"}
2026-09-26 17:23:34 procs=1 calls=17982 rate=330/h gpu=100 %/0 %/0 %/ ollama={"version":"0.33.2"}
2026-09-26 17:33:34 procs=1 calls=18046 rate=384/h gpu=36 %/36 %/39 %/ ollama={"version":"0.33.2"}
2026-09-26 17:43:35 procs=1 calls=18103 rate=342/h gpu=100 %/76 %/100 %/ ollama={"version":"0.33.2"}
2026-09-26 17:53:35 procs=1 calls=18172 rate=414/h gpu=0 %/0 %/0 %/ ollama={"version":"0.33.2"}
2026-09-26 18:03:35 procs=1 calls=18253 rate=486/h gpu=30 %/30 %/30 %/ ollama={"version":"0.33.2"}
2026-09-26 18:13:35 procs=1 calls=18318 rate=390/h gpu=27 %/36 %/30 %/ ollama={"version":"0.33.2"}
2026-09-26 18:23:35 procs=1 calls=18385 rate=402/h gpu=28 %/35 %/30 %/ ollama={"version":"0.33.2"}
2026-09-26 18:33:36 procs=1 calls=18439 rate=324/h gpu=98 %/29 %/0 %/ ollama={"version":"0.33.2"}
2026-09-26 18:43:36 procs=1 calls=18505 rate=396/h gpu=100 %/0 %/0 %/ ollama={"version":"0.33.2"}
2026-09-26 18:53:36 procs=1 calls=18574 rate=414/h gpu=0 %/100 %/11 %/ ollama={"version":"0.33.2"}
2026-09-26 19:03:36 procs=1 calls=18625 rate=306/h gpu=100 %/28 %/0 %/ ollama={"version":"0.33.2"}
2026-09-26 19:13:37 procs=1 calls=18687 rate=372/h gpu=28 %/26 %/31 %/ ollama={"version":"0.33.2"}
2026-09-26 19:23:37 procs=1 calls=18728 rate=246/h gpu=35 %/33 %/33 %/ ollama={"version":"0.33.2"}
2026-09-26 19:33:37 procs=1 calls=18791 rate=378/h gpu=16 %/0 %/51 %/ ollama={"version":"0.33.2"}
2026-09-26 19:43:37 procs=1 calls=18863 rate=432/h gpu=17 %/0 %/78 %/ ollama={"version":"0.33.2"}
2026-09-26 19:53:37 procs=1 calls=18912 rate=294/h gpu=30 %/34 %/38 %/ ollama={"version":"0.33.2"}
2026-09-26 20:03:38 procs=1 calls=18959 rate=282/h gpu=29 %/36 %/38 %/ ollama={"version":"0.33.2"}
2026-09-26 20:13:38 procs=1 calls=19016 rate=342/h gpu=29 %/32 %/31 %/ ollama={"version":"0.33.2"}
2026-09-26 20:23:38 procs=1 calls=19064 rate=288/h gpu=0 %/6 %/100 %/ ollama={"version":"0.33.2"}
2026-09-26 20:33:38 procs=1 calls=19109 rate=270/h gpu=0 %/100 %/100 %/ ollama={"version":"0.33.2"}
2026-09-26 20:43:39 procs=1 calls=19160 rate=306/h gpu=29 %/28 %/30 %/ ollama={"version":"0.33.2"}
2026-09-26 20:53:39 procs=1 calls=19237 rate=462/h gpu=30 %/36 %/31 %/ ollama={"version":"0.33.2"}
2026-09-26 21:03:39 procs=1 calls=19298 rate=366/h gpu=100 %/19 %/0 %/ ollama={"version":"0.33.2"}
2026-09-26 21:13:39 procs=1 calls=19356 rate=348/h gpu=36 %/32 %/30 %/ ollama={"version":"0.33.2"}
2026-09-26 21:23:39 procs=1 calls=19436 rate=480/h gpu=34 %/27 %/30 %/ ollama={"version":"0.33.2"}
2026-09-26 21:33:40 procs=1 calls=19505 rate=414/h gpu=3 %/6 %/81 %/ ollama={"version":"0.33.2"}
2026-09-26 21:43:40 procs=1 calls=19565 rate=360/h gpu=31 %/34 %/38 %/ ollama={"version":"0.33.2"}
2026-09-26 21:53:40 procs=1 calls=19626 rate=366/h gpu=30 %/29 %/34 %/ ollama={"version":"0.33.2"}
2026-09-26 22:03:40 procs=1 calls=19678 rate=312/h gpu=33 %/28 %/40 %/ ollama={"version":"0.33.2"}
2026-09-26 22:13:41 procs=1 calls=19723 rate=270/h gpu=35 %/28 %/39 %/ ollama={"version":"0.33.2"}
2026-09-26 22:23:41 procs=1 calls=19767 rate=264/h gpu=27 %/36 %/33 %/ ollama={"version":"0.33.2"}
2026-09-26 22:33:41 procs=1 calls=19801 rate=204/h gpu=36 %/35 %/30 %/ ollama={"version":"0.33.2"}
2026-09-26 22:43:41 procs=1 calls=19844 rate=258/h gpu=30 %/27 %/32 %/ ollama={"version":"0.33.2"}
2026-09-26 22:53:42 procs=1 calls=19877 rate=198/h gpu=30 %/32 %/39 %/ ollama={"version":"0.33.2"}
2026-09-26 23:03:42 procs=1 calls=19920 rate=258/h gpu=28 %/28 %/37 %/ ollama={"version":"0.33.2"}
2026-09-26 23:13:42 procs=1 calls=19959 rate=234/h gpu=28 %/27 %/37 %/ ollama={"version":"0.33.2"}
2026-09-26 23:23:42 procs=1 calls=19997 rate=228/h gpu=30 %/32 %/35 %/ ollama={"version":"0.33.2"}
2026-09-26 23:33:43 procs=1 calls=20035 rate=228/h gpu=34 %/32 %/39 %/ ollama={"version":"0.33.2"}
2026-09-26 23:43:43 procs=1 calls=20075 rate=240/h gpu=29 %/27 %/38 %/ ollama={"version":"0.33.2"}
2026-09-26 23:53:43 procs=1 calls=20128 rate=318/h gpu=27 %/30 %/30 %/ ollama={"version":"0.33.2"}
2026-09-27 00:03:43 procs=1 calls=20175 rate=282/h gpu=30 %/27 %/39 %/ ollama={"version":"0.33.2"}
2026-09-27 00:13:43 procs=1 calls=20214 rate=234/h gpu=36 %/35 %/30 %/ ollama={"version":"0.33.2"}
2026-09-27 00:23:44 procs=1 calls=20246 rate=192/h gpu=0 %/0 %/100 %/ ollama={"version":"0.33.2"}
2026-09-27 00:33:44 procs=1 calls=20276 rate=180/h gpu=26 %/27 %/37 %/ ollama={"version":"0.33.2"}
2026-09-27 00:43:44 procs=1 calls=20298 rate=132/h gpu=26 %/27 %/32 %/ ollama={"version":"0.33.2"}
2026-09-27 00:53:44 procs=1 calls=20330 rate=192/h gpu=36 %/27 %/30 %/ ollama={"version":"0.33.2"}
2026-09-27 01:03:45 procs=1 calls=20364 rate=204/h gpu=35 %/34 %/33 %/ ollama={"version":"0.33.2"}
2026-09-27 01:13:45 procs=1 calls=20402 rate=228/h gpu=37 %/34 %/35 %/ ollama={"version":"0.33.2"}
2026-09-27 01:23:45 procs=1 calls=20435 rate=198/h gpu=33 %/35 %/38 %/ ollama={"version":"0.33.2"}
2026-09-27 01:33:45 procs=1 calls=20477 rate=252/h gpu=31 %/27 %/34 %/ ollama={"version":"0.33.2"}
2026-09-27 01:43:45 procs=1 calls=20530 rate=318/h gpu=30 %/35 %/30 %/ ollama={"version":"0.33.2"}
2026-09-27 01:53:46 procs=1 calls=20575 rate=270/h gpu=34 %/29 %/30 %/ ollama={"version":"0.33.2"}
2026-09-27 02:03:46 procs=1 calls=20623 rate=288/h gpu=27 %/26 %/35 %/ ollama={"version":"0.33.2"}
2026-09-27 02:13:46 procs=1 calls=20667 rate=264/h gpu=29 %/28 %/40 %/ ollama={"version":"0.33.2"}
2026-09-27 02:23:46 procs=1 calls=20727 rate=360/h gpu=28 %/27 %/40 %/ ollama={"version":"0.33.2"}
2026-09-27 02:33:47 procs=1 calls=20775 rate=288/h gpu=32 %/36 %/30 %/ ollama={"version":"0.33.2"}
2026-09-27 02:43:47 procs=1 calls=20819 rate=264/h gpu=35 %/29 %/30 %/ ollama={"version":"0.33.2"}
2026-09-27 02:53:47 procs=1 calls=20869 rate=300/h gpu=26 %/27 %/32 %/ ollama={"version":"0.33.2"}
2026-09-27 03:03:47 procs=1 calls=20918 rate=294/h gpu=26 %/29 %/30 %/ ollama={"version":"0.33.2"}
2026-09-27 03:13:48 procs=1 calls=20972 rate=324/h gpu=35 %/30 %/38 %/ ollama={"version":"0.33.2"}
2026-09-27 03:23:48 procs=1 calls=21054 rate=492/h gpu=100 %/6 %/0 %/ ollama={"version":"0.33.2"}
2026-09-27 03:33:48 procs=1 calls=21104 rate=300/h gpu=23 %/0 %/100 %/ ollama={"version":"0.33.2"}
2026-09-27 03:43:48 procs=1 calls=21147 rate=258/h gpu=29 %/34 %/33 %/ ollama={"version":"0.33.2"}
2026-09-27 03:53:49 procs=1 calls=21207 rate=360/h gpu=0 %/0 %/100 %/ ollama={"version":"0.33.2"}
2026-09-27 04:03:49 procs=1 calls=21281 rate=444/h gpu=4 %/44 %/0 %/ ollama={"version":"0.33.2"}
2026-09-27 04:13:49 procs=1 calls=21326 rate=270/h gpu=34 %/36 %/30 %/ ollama={"version":"0.33.2"}
2026-09-27 04:23:50 procs=1 calls=21397 rate=426/h gpu=28 %/28 %/34 %/ ollama={"version":"0.33.2"}
2026-09-27 04:33:50 procs=1 calls=21481 rate=504/h gpu=28 %/34 %/30 %/ ollama={"version":"0.33.2"}
2026-09-27 04:43:50 procs=1 calls=21531 rate=300/h gpu=28 %/33 %/30 %/ ollama={"version":"0.33.2"}
2026-09-27 04:53:50 procs=1 calls=21571 rate=240/h gpu=31 %/31 %/39 %/ ollama={"version":"0.33.2"}
2026-09-27 05:03:51 procs=1 calls=21636 rate=390/h gpu=92 %/0 %/0 %/ ollama={"version":"0.33.2"}
2026-09-27 05:13:51 procs=1 calls=21696 rate=360/h gpu=0 %/0 %/0 %/ ollama={"version":"0.33.2"}
2026-09-27 05:23:51 procs=1 calls=21750 rate=324/h gpu=0 %/0 %/0 %/ ollama={"version":"0.33.2"}
2026-09-27 05:33:52 procs=1 calls=21817 rate=402/h gpu=0 %/100 %/0 %/ ollama={"version":"0.33.2"}
2026-09-27 05:43:52 procs=1 calls=21880 rate=378/h gpu=7 %/0 %/100 %/ ollama={"version":"0.33.2"}
2026-09-27 05:53:52 procs=1 calls=21965 rate=510/h gpu=35 %/27 %/30 %/ ollama={"version":"0.33.2"}
2026-09-27 06:03:53 procs=1 calls=22047 rate=492/h gpu=0 %/0 %/100 %/ ollama={"version":"0.33.2"}
2026-09-27 06:13:53 procs=1 calls=22120 rate=438/h gpu=35 %/31 %/36 %/ ollama={"version":"0.33.2"}
2026-09-27 06:23:53 procs=1 calls=22179 rate=354/h gpu=32 %/31 %/30 %/ ollama={"version":"0.33.2"}
2026-09-27 06:33:53 procs=1 calls=22248 rate=414/h gpu=0 %/0 %/100 %/ ollama={"version":"0.33.2"}
2026-09-27 06:43:54 procs=1 calls=22336 rate=528/h gpu=0 %/0 %/0 %/ ollama={"version":"0.33.2"}
2026-09-27 06:53:54 procs=1 calls=22407 rate=426/h gpu=28 %/27 %/30 %/ ollama={"version":"0.33.2"}
2026-09-27 07:03:54 procs=1 calls=22479 rate=432/h gpu=36 %/27 %/36 %/ ollama={"version":"0.33.2"}
2026-09-27 07:13:54 procs=1 calls=22557 rate=468/h gpu=100 %/0 %/0 %/ ollama={"version":"0.33.2"}
2026-09-27 07:23:55 procs=1 calls=22643 rate=516/h gpu=100 %/0 %/0 %/ ollama={"version":"0.33.2"}
2026-09-27 07:33:55 procs=1 calls=22714 rate=426/h gpu=27 %/30 %/37 %/ ollama={"version":"0.33.2"}
2026-09-27 07:43:55 procs=1 calls=22782 rate=408/h gpu=35 %/26 %/31 %/ ollama={"version":"0.33.2"}
2026-09-27 07:53:55 procs=1 calls=22845 rate=378/h gpu=72 %/100 %/100 %/ ollama={"version":"0.33.2"}
2026-09-27 08:03:56 procs=1 calls=22910 rate=390/h gpu=28 %/33 %/30 %/ ollama={"version":"0.33.2"}
2026-09-27 08:13:56 procs=1 calls=22986 rate=456/h gpu=29 %/36 %/31 %/ ollama={"version":"0.33.2"}
2026-09-27 08:23:56 procs=1 calls=23049 rate=378/h gpu=28 %/27 %/38 %/ ollama={"version":"0.33.2"}
2026-09-27 08:33:56 procs=1 calls=23126 rate=462/h gpu=100 %/100 %/44 %/ ollama={"version":"0.33.2"}
2026-09-27 08:43:57 procs=1 calls=23196 rate=420/h gpu=18 %/30 %/29 %/ ollama={"version":"0.33.2"}
2026-09-27 08:53:57 procs=1 calls=23282 rate=516/h gpu=30 %/34 %/31 %/ ollama={"version":"0.33.2"}
2026-09-27 09:03:57 procs=1 calls=23349 rate=402/h gpu=32 %/35 %/37 %/ ollama={"version":"0.33.2"}
2026-09-27 09:13:57 procs=1 calls=23430 rate=486/h gpu=28 %/36 %/40 %/ ollama={"version":"0.33.2"}
2026-09-27 09:23:57 procs=1 calls=23481 rate=306/h gpu=30 %/35 %/36 %/ ollama={"version":"0.33.2"}
2026-09-27 09:33:58 procs=1 calls=23525 rate=264/h gpu=0 %/100 %/0 %/ ollama={"version":"0.33.2"}
2026-09-27 09:43:58 procs=1 calls=23571 rate=276/h gpu=100 %/0 %/100 %/ ollama={"version":"0.33.2"}
2026-09-27 09:53:58 procs=1 calls=23624 rate=318/h gpu=36 %/27 %/34 %/ ollama={"version":"0.33.2"}
2026-09-27 10:03:58 procs=1 calls=23685 rate=366/h gpu=27 %/36 %/34 %/ ollama={"version":"0.33.2"}
2026-09-27 10:13:59 procs=1 calls=23733 rate=288/h gpu=29 %/27 %/36 %/ ollama={"version":"0.33.2"}
2026-09-27 10:23:59 procs=1 calls=23787 rate=324/h gpu=36 %/27 %/38 %/ ollama={"version":"0.33.2"}
2026-09-27 10:33:59 procs=1 calls=23829 rate=252/h gpu=32 %/27 %/30 %/ ollama={"version":"0.33.2"}
2026-09-27 10:43:59 procs=1 calls=23864 rate=210/h gpu=27 %/31 %/31 %/ ollama={"version":"0.33.2"}
2026-09-27 10:54:00 procs=1 calls=23905 rate=246/h gpu=31 %/28 %/33 %/ ollama={"version":"0.33.2"}
2026-09-27 11:04:00 procs=1 calls=23965 rate=360/h gpu=0 %/0 %/0 %/ ollama={"version":"0.33.2"}
2026-09-27 11:14:00 procs=1 calls=24012 rate=282/h gpu=28 %/27 %/30 %/ ollama={"version":"0.33.2"}
2026-09-27 11:24:00 procs=1 calls=24059 rate=282/h gpu=0 %/0 %/0 %/ ollama={"version":"0.33.2"}
2026-09-27 11:34:01 procs=1 calls=24104 rate=270/h gpu=27 %/31 %/36 %/ ollama={"version":"0.33.2"}
2026-09-27 11:44:01 procs=1 calls=24143 rate=234/h gpu=36 %/27 %/40 %/ ollama={"version":"0.33.2"}
2026-09-27 11:54:01 procs=1 calls=24191 rate=288/h gpu=32 %/33 %/30 %/ ollama={"version":"0.33.2"}
2026-09-27 12:04:01 procs=1 calls=24233 rate=252/h gpu=100 %/82 %/100 %/ ollama={"version":"0.33.2"}
2026-09-27 12:14:02 procs=1 calls=24268 rate=210/h gpu=0 %/0 %/0 %/ ollama={"version":"0.33.2"}
2026-09-27 12:24:02 procs=1 calls=24319 rate=306/h gpu=0 %/83 %/74 %/ ollama={"version":"0.33.2"}
2026-09-27 12:34:02 procs=1 calls=24377 rate=348/h gpu=36 %/36 %/38 %/ ollama={"version":"0.33.2"}
2026-09-27 12:44:02 procs=1 calls=24421 rate=264/h gpu=0 %/0 %/0 %/ ollama={"version":"0.33.2"}
2026-09-27 12:54:03 procs=1 calls=24469 rate=288/h gpu=22 %/0 %/4 %/ ollama={"version":"0.33.2"}
2026-09-27 13:04:03 procs=1 calls=24530 rate=366/h gpu=34 %/31 %/40 %/ ollama={"version":"0.33.2"}
2026-09-27 13:14:03 procs=1 calls=24586 rate=336/h gpu=0 %/0 %/100 %/ ollama={"version":"0.33.2"}
2026-09-27 13:24:03 procs=1 calls=24629 rate=258/h gpu=100 %/0 %/0 %/ ollama={"version":"0.33.2"}
2026-09-27 13:34:04 procs=1 calls=24677 rate=288/h gpu=29 %/28 %/35 %/ ollama={"version":"0.33.2"}
2026-09-27 13:44:04 procs=1 calls=24726 rate=294/h gpu=36 %/27 %/33 %/ ollama={"version":"0.33.2"}
2026-09-27 13:54:04 procs=1 calls=24776 rate=300/h gpu=27 %/29 %/37 %/ ollama={"version":"0.33.2"}
2026-09-27 14:04:05 procs=1 calls=24864 rate=528/h gpu=0 %/80 %/90 %/ ollama={"version":"0.33.2"}
2026-09-27 14:14:05 procs=1 calls=24950 rate=516/h gpu=100 %/0 %/0 %/ ollama={"version":"0.33.2"}
2026-09-27 14:24:05 procs=1 calls=25011 rate=366/h gpu=12 %/14 %/12 %/ ollama={"version":"0.33.2"}
2026-09-27 14:34:05 procs=1 calls=25096 rate=510/h gpu=4 %/0 %/100 %/ ollama={"version":"0.33.2"}
2026-09-27 14:44:06 procs=1 calls=25132 rate=216/h gpu=36 %/33 %/37 %/ ollama={"version":"0.33.2"}
2026-09-27 14:54:06 procs=1 calls=25220 rate=528/h gpu=100 %/0 %/0 %/ ollama={"version":"0.33.2"}
2026-09-27 15:04:06 procs=1 calls=25287 rate=402/h gpu=0 %/94 %/84 %/ ollama={"version":"0.33.2"}
2026-09-27 15:14:06 procs=1 calls=25365 rate=468/h gpu=82 %/0 %/4 %/ ollama={"version":"0.33.2"}
2026-09-27 15:24:07 procs=1 calls=25437 rate=432/h gpu=34 %/28 %/30 %/ ollama={"version":"0.33.2"}
2026-09-27 15:34:07 procs=1 calls=25508 rate=426/h gpu=29 %/27 %/32 %/ ollama={"version":"0.33.2"}
2026-09-27 15:44:07 procs=1 calls=25580 rate=432/h gpu=31 %/27 %/32 %/ ollama={"version":"0.33.2"}
2026-09-27 15:54:07 procs=1 calls=25658 rate=468/h gpu=36 %/33 %/30 %/ ollama={"version":"0.33.2"}
2026-09-27 16:04:08 procs=1 calls=25730 rate=432/h gpu=100 %/100 %/0 %/ ollama={"version":"0.33.2"}
2026-09-27 16:14:08 procs=1 calls=25798 rate=408/h gpu=8 %/66 %/0 %/ ollama={"version":"0.33.2"}
2026-09-27 16:24:08 procs=1 calls=25875 rate=462/h gpu=28 %/32 %/30 %/ ollama={"version":"0.33.2"}
2026-09-27 16:34:08 procs=1 calls=25948 rate=438/h gpu=32 %/32 %/38 %/ ollama={"version":"0.33.2"}
2026-09-27 16:44:09 procs=1 calls=26030 rate=492/h gpu=27 %/34 %/33 %/ ollama={"version":"0.33.2"}
2026-09-27 16:54:09 procs=1 calls=26092 rate=372/h gpu=31 %/32 %/34 %/ ollama={"version":"0.33.2"}
2026-09-27 17:04:09 procs=1 calls=26148 rate=336/h gpu=35 %/26 %/30 %/ ollama={"version":"0.33.2"}
2026-09-27 17:14:09 procs=1 calls=26206 rate=348/h gpu=30 %/27 %/33 %/ ollama={"version":"0.33.2"}
2026-09-27 17:24:10 procs=1 calls=26258 rate=312/h gpu=33 %/34 %/33 %/ ollama={"version":"0.33.2"}
2026-09-27 17:34:10 procs=1 calls=26307 rate=294/h gpu=100 %/1 %/0 %/ ollama={"version":"0.33.2"}
2026-09-27 17:44:10 procs=1 calls=26369 rate=372/h gpu=28 %/28 %/40 %/ ollama={"version":"0.33.2"}
2026-09-27 17:54:11 procs=1 calls=26414 rate=270/h gpu=27 %/27 %/38 %/ ollama={"version":"0.33.2"}
2026-09-27 18:04:11 procs=1 calls=26491 rate=462/h gpu=27 %/27 %/40 %/ ollama={"version":"0.33.2"}
2026-09-27 18:14:11 procs=1 calls=26552 rate=366/h gpu=32 %/32 %/36 %/ ollama={"version":"0.33.2"}
2026-09-27 18:24:11 procs=1 calls=26603 rate=306/h gpu=27 %/27 %/40 %/ ollama={"version":"0.33.2"}
2026-09-27 18:34:12 procs=1 calls=26652 rate=294/h gpu=36 %/31 %/39 %/ ollama={"version":"0.33.2"}
2026-09-27 18:44:12 procs=1 calls=26691 rate=234/h gpu=28 %/27 %/30 %/ ollama={"version":"0.33.2"}
2026-09-27 18:54:12 procs=1 calls=26746 rate=330/h gpu=36 %/27 %/34 %/ ollama={"version":"0.33.2"}
2026-09-27 19:04:12 procs=1 calls=26793 rate=282/h gpu=36 %/33 %/33 %/ ollama={"version":"0.33.2"}
2026-09-27 19:14:13 procs=1 calls=26836 rate=258/h gpu=26 %/25 %/39 %/ ollama={"version":"0.33.2"}
2026-09-27 19:24:13 procs=1 calls=26913 rate=462/h gpu=29 %/27 %/33 %/ ollama={"version":"0.33.2"}
2026-09-27 19:34:13 procs=1 calls=26970 rate=342/h gpu=36 %/29 %/32 %/ ollama={"version":"0.33.2"}
2026-09-27 19:44:13 procs=1 calls=27033 rate=378/h gpu=27 %/30 %/34 %/ ollama={"version":"0.33.2"}
2026-09-27 19:54:14 procs=1 calls=27115 rate=492/h gpu=13 %/17 %/24 %/ ollama={"version":"0.33.2"}
2026-09-27 20:04:14 procs=1 calls=27195 rate=480/h gpu=0 %/100 %/0 %/ ollama={"version":"0.33.2"}
2026-09-27 20:14:14 procs=1 calls=27260 rate=390/h gpu=35 %/33 %/30 %/ ollama={"version":"0.33.2"}
2026-09-27 20:24:14 procs=1 calls=27331 rate=426/h gpu=27 %/36 %/30 %/ ollama={"version":"0.33.2"}
2026-09-27 20:34:15 procs=1 calls=27372 rate=246/h gpu=2 %/86 %/0 %/ ollama={"version":"0.33.2"}
2026-09-27 20:44:15 procs=1 calls=27437 rate=390/h gpu=0 %/100 %/0 %/ ollama={"version":"0.33.2"}
2026-09-27 20:54:15 procs=1 calls=27495 rate=348/h gpu=100 %/0 %/0 %/ ollama={"version":"0.33.2"}
2026-09-27 21:04:16 procs=1 calls=27553 rate=348/h gpu=28 %/28 %/30 %/ ollama={"version":"0.33.2"}
2026-09-27 21:14:16 procs=1 calls=27599 rate=276/h gpu=0 %/0 %/0 %/ ollama={"version":"0.33.2"}
2026-09-27 21:24:16 procs=1 calls=27657 rate=348/h gpu=30 %/36 %/37 %/ ollama={"version":"0.33.2"}
2026-09-27 21:34:16 procs=1 calls=27728 rate=426/h gpu=28 %/26 %/38 %/ ollama={"version":"0.33.2"}
2026-09-27 21:44:17 procs=1 calls=27792 rate=384/h gpu=27 %/34 %/34 %/ ollama={"version":"0.33.2"}
2026-09-27 21:54:17 procs=1 calls=27851 rate=354/h gpu=34 %/31 %/30 %/ ollama={"version":"0.33.2"}
2026-09-27 22:04:17 procs=1 calls=27916 rate=390/h gpu=32 %/27 %/35 %/ ollama={"version":"0.33.2"}
2026-09-27 22:14:18 procs=1 calls=27978 rate=372/h gpu=0 %/0 %/100 %/ ollama={"version":"0.33.2"}
2026-09-27 22:24:18 procs=1 calls=28027 rate=294/h gpu=0 %/100 %/0 %/ ollama={"version":"0.33.2"}
2026-09-27 22:34:18 procs=1 calls=28061 rate=204/h gpu=17 %/18 %/16 %/ ollama={"version":"0.33.2"}
2026-09-27 22:44:18 procs=1 calls=28122 rate=366/h gpu=0 %/67 %/40 %/ ollama={"version":"0.33.2"}
2026-09-27 22:54:19 procs=1 calls=28173 rate=306/h gpu=27 %/36 %/38 %/ ollama={"version":"0.33.2"}
2026-09-27 23:04:19 procs=1 calls=28212 rate=234/h gpu=29 %/31 %/33 %/ ollama={"version":"0.33.2"}
2026-09-27 23:14:19 procs=1 calls=28268 rate=336/h gpu=19 %/27 %/30 %/ ollama={"version":"0.33.2"}
2026-09-27 23:24:19 procs=1 calls=28355 rate=522/h gpu=0 %/100 %/0 %/ ollama={"version":"0.33.2"}
2026-09-27 23:34:20 procs=1 calls=28431 rate=456/h gpu=28 %/34 %/30 %/ ollama={"version":"0.33.2"}
2026-09-27 23:44:20 procs=1 calls=28494 rate=378/h gpu=29 %/29 %/34 %/ ollama={"version":"0.33.2"}
2026-09-27 23:54:20 procs=1 calls=28564 rate=420/h gpu=28 %/27 %/30 %/ ollama={"version":"0.33.2"}
2026-09-28 00:04:21 procs=1 calls=28630 rate=396/h gpu=28 %/32 %/30 %/ ollama={"version":"0.33.2"}
2026-09-28 00:14:21 procs=1 calls=28686 rate=336/h gpu=28 %/34 %/31 %/ ollama={"version":"0.33.2"}
2026-09-28 00:24:21 procs=1 calls=28733 rate=282/h gpu=0 %/0 %/0 %/ ollama={"version":"0.33.2"}
2026-09-28 00:34:21 procs=1 calls=28784 rate=306/h gpu=0 %/0 %/0 %/ ollama={"version":"0.33.2"}
2026-09-28 00:44:22 procs=1 calls=28826 rate=252/h gpu=28 %/33 %/33 %/ ollama={"version":"0.33.2"}
2026-09-28 00:54:22 procs=1 calls=28878 rate=312/h gpu=100 %/8 %/0 %/ ollama={"version":"0.33.2"}
2026-09-28 01:04:22 procs=1 calls=28942 rate=384/h gpu=29 %/29 %/30 %/ ollama={"version":"0.33.2"}
2026-09-28 01:14:22 procs=1 calls=29007 rate=390/h gpu=0 %/0 %/0 %/ ollama={"version":"0.33.2"}
2026-09-28 01:24:23 procs=1 calls=29071 rate=384/h gpu=33 %/33 %/37 %/ ollama={"version":"0.33.2"}
2026-09-28 01:34:23 procs=1 calls=29126 rate=330/h gpu=32 %/32 %/31 %/ ollama={"version":"0.33.2"}
2026-09-28 01:44:23 procs=1 calls=29177 rate=306/h gpu=0 %/100 %/100 %/ ollama={"version":"0.33.2"}
2026-09-28 01:54:24 procs=1 calls=29232 rate=330/h gpu=26 %/32 %/30 %/ ollama={"version":"0.33.2"}
2026-09-28 02:04:24 procs=1 calls=29318 rate=516/h gpu=29 %/27 %/37 %/ ollama={"version":"0.33.2"}
2026-09-28 02:14:24 procs=1 calls=29362 rate=264/h gpu=28 %/29 %/38 %/ ollama={"version":"0.33.2"}
2026-09-28 02:24:24 procs=1 calls=29405 rate=258/h gpu=27 %/28 %/36 %/ ollama={"version":"0.33.2"}
2026-09-28 02:34:25 procs=1 calls=29480 rate=450/h gpu=30 %/35 %/39 %/ ollama={"version":"0.33.2"}
2026-09-28 02:44:25 procs=1 calls=29539 rate=354/h gpu=33 %/34 %/40 %/ ollama={"version":"0.33.2"}
2026-09-28 02:54:25 procs=1 calls=29606 rate=402/h gpu=35 %/27 %/30 %/ ollama={"version":"0.33.2"}
2026-09-28 03:04:26 procs=1 calls=29682 rate=456/h gpu=30 %/36 %/38 %/ ollama={"version":"0.33.2"}
2026-09-28 03:14:26 procs=1 calls=29751 rate=414/h gpu=35 %/28 %/33 %/ ollama={"version":"0.33.2"}
2026-09-28 03:24:26 procs=1 calls=29803 rate=312/h gpu=0 %/0 %/0 %/ ollama={"version":"0.33.2"}
2026-09-28 03:34:26 procs=1 calls=29833 rate=180/h gpu=28 %/27 %/39 %/ ollama={"version":"0.33.2"}
2026-09-28 03:44:27 procs=0
0 calls=29885 rate=312/h gpu=0 %/0 %/0 %/ ollama={"version":"0.33.2"}
2026-09-28 03:54:27 procs=0
0 calls=29885 rate=0/h gpu=0 %/0 %/0 %/ ollama={"version":"0.33.2"}
2026-09-28 04:04:27 procs=0
0 calls=29885 rate=0/h gpu=0 %/0 %/0 %/ ollama={"version":"0.33.2"}
2026-09-28 04:14:28 procs=0
0 calls=29885 rate=0/h gpu=0 %/0 %/0 %/ ollama={"version":"0.33.2"}
2026-09-28 04:24:28 procs=0
0 calls=29885 rate=0/h gpu=0 %/0 %/0 %/ ollama={"version":"0.33.2"}
2026-09-28 04:34:28 procs=0
0 calls=29885 rate=0/h gpu=0 %/0 %/0 %/ ollama={"version":"0.33.2"}
2026-09-28 04:44:29 procs=0
0 calls=29885 rate=0/h gpu=0 %/0 %/0 %/ ollama={"version":"0.33.2"}
2026-09-28 04:54:29 procs=0
0 calls=29885 rate=0/h gpu=0 %/0 %/0 %/ ollama={"version":"0.33.2"}
2026-09-28 05:04:29 procs=0
0 calls=29885 rate=0/h gpu=0 %/0 %/0 %/ ollama={"version":"0.33.2"}
2026-09-28 05:14:30 procs=0
0 calls=29885 rate=0/h gpu=0 %/0 %/0 %/ ollama={"version":"0.33.2"}
2026-09-28 05:24:30 procs=0
0 calls=29885 rate=0/h gpu=0 %/0 %/0 %/ ollama={"version":"0.33.2"}
2026-09-28 05:34:30 procs=0
0 calls=29885 rate=0/h gpu=0 %/0 %/0 %/ ollama={"version":"0.33.2"}
2026-09-28 05:44:31 procs=0
0 calls=29885 rate=0/h gpu=0 %/0 %/0 %/ ollama={"version":"0.33.2"}
2026-09-28 05:54:31 procs=0
0 calls=29885 rate=0/h gpu=0 %/0 %/0 %/ ollama={"version":"0.33.2"}
2026-09-28 06:04:31 procs=0
0 calls=29885 rate=0/h gpu=0 %/0 %/0 %/ ollama={"version":"0.33.2"}
2026-09-28 06:14:32 procs=0
0 calls=29885 rate=0/h gpu=0 %/0 %/0 %/ ollama={"version":"0.33.2"}
2026-09-28 06:24:32 procs=0
0 calls=29885 rate=0/h gpu=0 %/0 %/0 %/ ollama={"version":"0.33.2"}
2026-09-28 06:34:32 procs=0
0 calls=29885 rate=0/h gpu=0 %/0 %/0 %/ ollama={"version":"0.33.2"}
2026-09-28 06:44:32 procs=0
0 calls=29885 rate=0/h gpu=0 %/0 %/0 %/ ollama={"version":"0.33.2"}
2026-09-28 06:54:33 procs=0
0 calls=29885 rate=0/h gpu=0 %/0 %/0 %/ ollama={"version":"0.33.2"}
2026-09-28 07:04:33 procs=0
0 calls=29885 rate=0/h gpu=0 %/0 %/0 %/ ollama={"version":"0.33.2"}
2026-09-28 07:14:33 procs=0
0 calls=29885 rate=0/h gpu=0 %/0 %/0 %/ ollama={"version":"0.33.2"}
2026-09-28 07:24:34 procs=0
0 calls=29885 rate=0/h gpu=0 %/0 %/0 %/ ollama={"version":"0.33.2"}
2026-09-28 07:34:34 procs=0
0 calls=29885 rate=0/h gpu=0 %/0 %/0 %/ ollama={"version":"0.33.2"}
2026-09-28 07:44:34 procs=0
0 calls=29885 rate=0/h gpu=0 %/0 %/0 %/ ollama={"version":"0.33.2"}
2026-09-28 07:54:35 procs=0
0 calls=29885 rate=0/h gpu=0 %/0 %/0 %/ ollama={"version":"0.33.2"}
2026-09-28 08:04:35 procs=0
0 calls=29885 rate=0/h gpu=0 %/0 %/0 %/ ollama={"version":"0.33.2"}
2026-09-28 08:14:35 procs=0
0 calls=29885 rate=0/h gpu=0 %/0 %/0 %/ ollama={"version":"0.33.2"}
2026-09-28 08:24:36 procs=0
0 calls=29885 rate=0/h gpu=0 %/0 %/0 %/ ollama={"version":"0.33.2"}
2026-09-28 08:34:36 procs=0
0 calls=29885 rate=0/h gpu=0 %/0 %/0 %/ ollama={"version":"0.33.2"}
2026-09-28 08:44:36 procs=0
0 calls=29885 rate=0/h gpu=0 %/0 %/0 %/ ollama={"version":"0.33.2"}
2026-09-28 08:54:37 procs=0
0 calls=29885 rate=0/h gpu=0 %/0 %/0 %/ ollama={"version":"0.33.2"}
2026-09-28 09:04:37 procs=0
0 calls=29885 rate=0/h gpu=0 %/0 %/0 %/ ollama={"version":"0.33.2"}
2026-09-28 09:14:37 procs=0
0 calls=29885 rate=0/h gpu=0 %/0 %/0 %/ ollama={"version":"0.33.2"}
2026-09-28 09:24:38 procs=0
0 calls=29885 rate=0/h gpu=0 %/0 %/0 %/ ollama={"version":"0.33.2"}
2026-09-28 09:34:38 procs=0
0 calls=29885 rate=0/h gpu=0 %/0 %/0 %/ ollama={"version":"0.33.2"}
2026-09-28 09:44:38 procs=0
0 calls=29885 rate=0/h gpu=0 %/0 %/0 %/ ollama={"version":"0.33.2"}
2026-09-28 09:54:39 procs=0
0 calls=29885 rate=0/h gpu=0 %/0 %/0 %/ ollama={"version":"0.33.2"}
2026-09-28 10:04:39 procs=0
0 calls=29885 rate=0/h gpu=0 %/0 %/0 %/ ollama={"version":"0.33.2"}
2026-09-28 10:14:39 procs=0
0 calls=29885 rate=0/h gpu=0 %/0 %/0 %/ ollama={"version":"0.33.2"}
2026-09-28 10:24:40 procs=0
0 calls=29885 rate=0/h gpu=0 %/0 %/0 %/ ollama={"version":"0.33.2"}
2026-09-28 10:34:40 procs=0
0 calls=29885 rate=0/h gpu=0 %/0 %/0 %/ ollama={"version":"0.33.2"}
2026-09-28 10:44:40 procs=0
0 calls=29885 rate=0/h gpu=0 %/0 %/0 %/ ollama={"version":"0.33.2"}
2026-09-28 10:54:41 procs=0
0 calls=29885 rate=0/h gpu=0 %/0 %/0 %/ ollama={"version":"0.33.2"}
2026-09-28 11:04:41 procs=0
0 calls=29885 rate=0/h gpu=0 %/0 %/0 %/ ollama={"version":"0.33.2"}
2026-09-28 11:14:41 procs=0
0 calls=29885 rate=0/h gpu=0 %/0 %/0 %/ ollama={"version":"0.33.2"}
2026-09-28 11:24:41 procs=0
0 calls=29885 rate=0/h gpu=0 %/0 %/0 %/ ollama={"version":"0.33.2"}
2026-09-28 11:34:42 procs=0
0 calls=29885 rate=0/h gpu=0 %/0 %/0 %/ ollama={"version":"0.33.2"}
2026-09-28 11:44:42 procs=0
0 calls=29885 rate=0/h gpu=0 %/0 %/0 %/ ollama={"version":"0.33.2"}
2026-09-28 11:54:42 procs=0
0 calls=29885 rate=0/h gpu=0 %/0 %/0 %/ ollama={"version":"0.33.2"}
2026-09-28 12:04:43 procs=0
0 calls=29885 rate=0/h gpu=0 %/0 %/0 %/ ollama={"version":"0.33.2"}
2026-09-28 12:14:43 procs=1 calls=29943 rate=348/h gpu=30 %/33 %/33 %/ ollama={"version":"0.33.2"}
2026-09-28 12:24:43 procs=1 calls=29997 rate=324/h gpu=32 %/35 %/40 %/ ollama={"version":"0.33.2"}
2026-09-28 12:34:44 procs=1 calls=30048 rate=306/h gpu=0 %/0 %/0 %/ ollama={"version":"0.33.2"}
2026-09-28 12:44:44 procs=1 calls=30119 rate=426/h gpu=0 %/100 %/0 %/ ollama={"version":"0.33.2"}
2026-09-28 12:54:44 procs=1 calls=30190 rate=426/h gpu=27 %/27 %/30 %/ ollama={"version":"0.33.2"}
2026-09-28 13:04:45 procs=1 calls=30246 rate=336/h gpu=15 %/10 %/10 %/ ollama={"version":"0.33.2"}
2026-09-28 13:14:45 procs=1 calls=30305 rate=354/h gpu=100 %/0 %/0 %/ ollama={"version":"0.33.2"}
2026-09-28 13:24:45 procs=1 calls=30370 rate=390/h gpu=0 %/0 %/100 %/ ollama={"version":"0.33.2"}
2026-09-28 13:34:45 procs=1 calls=30429 rate=354/h gpu=32 %/27 %/33 %/ ollama={"version":"0.33.2"}
2026-09-28 13:44:46 procs=1 calls=30473 rate=264/h gpu=32 %/36 %/35 %/ ollama={"version":"0.33.2"}
2026-09-28 13:54:46 procs=1 calls=30518 rate=270/h gpu=29 %/27 %/30 %/ ollama={"version":"0.33.2"}
2026-09-28 14:04:46 procs=1 calls=30595 rate=462/h gpu=28 %/33 %/30 %/ ollama={"version":"0.33.2"}
2026-09-28 14:14:47 procs=1 calls=30641 rate=276/h gpu=33 %/30 %/30 %/ ollama={"version":"0.33.2"}
2026-09-28 14:24:47 procs=1 calls=30702 rate=366/h gpu=33 %/32 %/38 %/ ollama={"version":"0.33.2"}
2026-09-28 14:34:47 procs=1 calls=30762 rate=360/h gpu=0 %/0 %/0 %/ ollama={"version":"0.33.2"}
2026-09-28 14:44:47 procs=1 calls=30828 rate=396/h gpu=100 %/0 %/100 %/ ollama={"version":"0.33.2"}
2026-09-28 14:54:48 procs=1 calls=30900 rate=432/h gpu=0 %/100 %/0 %/ ollama={"version":"0.33.2"}
2026-09-28 15:04:48 procs=1 calls=30963 rate=378/h gpu=33 %/35 %/30 %/ ollama={"version":"0.33.2"}
2026-09-28 15:14:48 procs=1 calls=31022 rate=354/h gpu=33 %/30 %/35 %/ ollama={"version":"0.33.2"}
2026-09-28 15:24:49 procs=1 calls=31089 rate=402/h gpu=0 %/0 %/100 %/ ollama={"version":"0.33.2"}
2026-09-28 15:34:49 procs=1 calls=31145 rate=336/h gpu=35 %/27 %/32 %/ ollama={"version":"0.33.2"}
2026-09-28 15:44:49 procs=1 calls=31212 rate=402/h gpu=27 %/27 %/30 %/ ollama={"version":"0.33.2"}
2026-09-28 15:54:50 procs=1 calls=31270 rate=348/h gpu=31 %/33 %/36 %/ ollama={"version":"0.33.2"}
2026-09-28 16:04:50 procs=1 calls=31338 rate=408/h gpu=33 %/29 %/31 %/ ollama={"version":"0.33.2"}
2026-09-28 16:14:50 procs=1 calls=31397 rate=354/h gpu=19 %/24 %/22 %/ ollama={"version":"0.33.2"}
2026-09-28 16:24:50 procs=1 calls=31472 rate=450/h gpu=100 %/100 %/27 %/ ollama={"version":"0.33.2"}
2026-09-28 16:34:51 procs=1 calls=31551 rate=474/h gpu=0 %/0 %/0 %/ ollama={"version":"0.33.2"}
2026-09-28 16:44:51 procs=1 calls=31621 rate=420/h gpu=32 %/28 %/34 %/ ollama={"version":"0.33.2"}
2026-09-28 16:54:51 procs=1 calls=31681 rate=360/h gpu=27 %/27 %/35 %/ ollama={"version":"0.33.2"}
2026-09-28 17:04:52 procs=1 calls=31748 rate=402/h gpu=36 %/33 %/31 %/ ollama={"version":"0.33.2"}
2026-09-28 17:14:52 procs=1 calls=31806 rate=348/h gpu=35 %/28 %/30 %/ ollama={"version":"0.33.2"}
2026-09-28 17:24:52 procs=1 calls=31863 rate=342/h gpu=0 %/100 %/0 %/ ollama={"version":"0.33.2"}
2026-09-28 17:34:53 procs=1 calls=31914 rate=306/h gpu=34 %/27 %/36 %/ ollama={"version":"0.33.2"}
2026-09-28 17:44:53 procs=1 calls=31961 rate=282/h gpu=27 %/26 %/31 %/ ollama={"version":"0.33.2"}
2026-09-28 17:54:53 procs=1 calls=32032 rate=426/h gpu=32 %/27 %/38 %/ ollama={"version":"0.33.2"}
2026-09-28 18:04:53 procs=1 calls=32095 rate=378/h gpu=26 %/29 %/30 %/ ollama={"version":"0.33.2"}
2026-09-28 18:14:54 procs=1 calls=32165 rate=420/h gpu=29 %/28 %/34 %/ ollama={"version":"0.33.2"}
2026-09-28 18:24:54 procs=1 calls=32244 rate=474/h gpu=0 %/0 %/0 %/ ollama={"version":"0.33.2"}
2026-09-28 18:34:54 procs=1 calls=32302 rate=348/h gpu=0 %/0 %/0 %/ ollama={"version":"0.33.2"}
2026-09-28 18:44:54 procs=1 calls=32377 rate=450/h gpu=29 %/27 %/30 %/ ollama={"version":"0.33.2"}
2026-09-28 18:54:55 procs=1 calls=32434 rate=342/h gpu=17 %/22 %/20 %/ ollama={"version":"0.33.2"}
2026-09-28 19:04:55 procs=1 calls=32501 rate=402/h gpu=21 %/29 %/40 %/ ollama={"version":"0.33.2"}
2026-09-28 19:14:55 procs=1 calls=32580 rate=474/h gpu=28 %/34 %/33 %/ ollama={"version":"0.33.2"}
2026-09-28 19:24:56 procs=1 calls=32651 rate=426/h gpu=0 %/0 %/0 %/ ollama={"version":"0.33.2"}
2026-09-28 19:34:56 procs=1 calls=32738 rate=522/h gpu=100 %/43 %/87 %/ ollama={"version":"0.33.2"}
2026-09-28 19:44:56 procs=1 calls=32825 rate=522/h gpu=27 %/33 %/33 %/ ollama={"version":"0.33.2"}
2026-09-28 19:54:57 procs=1 calls=32912 rate=522/h gpu=28 %/29 %/30 %/ ollama={"version":"0.33.2"}
2026-09-28 20:04:57 procs=1 calls=32988 rate=456/h gpu=49 %/7 %/6 %/ ollama={"version":"0.33.2"}
2026-09-28 20:14:57 procs=1 calls=33039 rate=306/h gpu=0 %/0 %/100 %/ ollama={"version":"0.33.2"}
2026-09-28 20:24:57 procs=1 calls=33091 rate=312/h gpu=36 %/32 %/30 %/ ollama={"version":"0.33.2"}
2026-09-28 20:34:58 procs=1 calls=33155 rate=384/h gpu=30 %/28 %/38 %/ ollama={"version":"0.33.2"}
2026-09-28 20:44:58 procs=1 calls=33206 rate=306/h gpu=34 %/27 %/36 %/ ollama={"version":"0.33.2"}
2026-09-28 20:54:58 procs=1 calls=33273 rate=402/h gpu=27 %/34 %/32 %/ ollama={"version":"0.33.2"}
2026-09-28 21:04:59 procs=1 calls=33342 rate=414/h gpu=34 %/27 %/30 %/ ollama={"version":"0.33.2"}
2026-09-28 21:14:59 procs=1 calls=33416 rate=444/h gpu=34 %/28 %/37 %/ ollama={"version":"0.33.2"}
2026-09-28 21:24:59 procs=1 calls=33473 rate=342/h gpu=28 %/50 %/0 %/ ollama={"version":"0.33.2"}
2026-09-28 21:35:00 procs=1 calls=33554 rate=486/h gpu=0 %/0 %/0 %/ ollama={"version":"0.33.2"}
2026-09-28 21:45:00 procs=1 calls=33639 rate=510/h gpu=0 %/0 %/0 %/ ollama={"version":"0.33.2"}
2026-09-28 21:55:00 procs=1 calls=33703 rate=384/h gpu=31 %/28 %/33 %/ ollama={"version":"0.33.2"}
2026-09-28 22:05:00 procs=1 calls=33767 rate=384/h gpu=35 %/36 %/30 %/ ollama={"version":"0.33.2"}
2026-09-28 22:15:01 procs=1 calls=33839 rate=432/h gpu=33 %/29 %/37 %/ ollama={"version":"0.33.2"}
2026-09-28 22:25:01 procs=1 calls=33919 rate=480/h gpu=100 %/39 %/70 %/ ollama={"version":"0.33.2"}
2026-09-28 22:35:01 procs=1 calls=34004 rate=510/h gpu=36 %/26 %/30 %/ ollama={"version":"0.33.2"}
2026-09-28 22:45:02 procs=1 calls=34090 rate=516/h gpu=29 %/28 %/31 %/ ollama={"version":"0.33.2"}
2026-09-28 22:55:02 procs=1 calls=34178 rate=528/h gpu=27 %/27 %/34 %/ ollama={"version":"0.33.2"}
2026-09-28 23:05:02 procs=1 calls=34254 rate=456/h gpu=31 %/34 %/36 %/ ollama={"version":"0.33.2"}
2026-09-28 23:15:03 procs=1 calls=34306 rate=312/h gpu=35 %/28 %/40 %/ ollama={"version":"0.33.2"}
2026-09-28 23:25:03 procs=1 calls=34365 rate=354/h gpu=29 %/27 %/36 %/ ollama={"version":"0.33.2"}
2026-09-28 23:35:03 procs=1 calls=34422 rate=342/h gpu=0 %/55 %/86 %/ ollama={"version":"0.33.2"}
2026-09-28 23:45:03 procs=1 calls=34473 rate=306/h gpu=30 %/35 %/30 %/ ollama={"version":"0.33.2"}
2026-09-28 23:55:04 procs=1 calls=34548 rate=450/h gpu=27 %/30 %/32 %/ ollama={"version":"0.33.2"}
2026-09-29 00:05:04 procs=1 calls=34610 rate=372/h gpu=100 %/0 %/0 %/ ollama={"version":"0.33.2"}
2026-09-29 00:15:04 procs=1 calls=34683 rate=438/h gpu=29 %/29 %/30 %/ ollama={"version":"0.33.2"}
2026-09-29 00:25:05 procs=1 calls=34746 rate=378/h gpu=95 %/0 %/0 %/ ollama={"version":"0.33.2"}
2026-09-29 00:35:05 procs=1 calls=34819 rate=438/h gpu=36 %/29 %/35 %/ ollama={"version":"0.33.2"}
2026-09-29 00:45:05 procs=1 calls=34904 rate=510/h gpu=28 %/27 %/30 %/ ollama={"version":"0.33.2"}
2026-09-29 00:55:06 procs=1 calls=34974 rate=420/h gpu=0 %/0 %/85 %/ ollama={"version":"0.33.2"}
2026-09-29 01:05:06 procs=1 calls=34998 rate=144/h gpu=0 %/0 %/0 %/ ollama={"version":"0.33.2"}
2026-09-29 01:15:06 procs=1 calls=35011 rate=78/h gpu=39 %/0 %/0 %/ ollama={"version":"0.33.2"}
2026-09-29 01:25:07 procs=1 calls=35039 rate=168/h gpu=0 %/0 %/0 %/ ollama={"version":"0.33.2"}
2026-09-29 01:35:07 procs=1 calls=35072 rate=198/h gpu=0 %/0 %/0 %/ ollama={"version":"0.33.2"}
2026-09-29 01:45:07 procs=1 calls=35107 rate=210/h gpu=19 %/26 %/24 %/ ollama={"version":"0.33.2"}
2026-09-29 01:55:08 procs=1 calls=35135 rate=168/h gpu=30 %/0 %/0 %/ ollama={"version":"0.33.2"}
2026-09-29 02:05:08 procs=1 calls=35166 rate=186/h gpu=39 %/0 %/0 %/ ollama={"version":"0.33.2"}
2026-09-29 02:15:08 procs=1 calls=35199 rate=198/h gpu=0 %/0 %/0 %/ ollama={"version":"0.33.2"}
2026-09-29 02:25:09 procs=1 calls=35223 rate=144/h gpu=0 %/0 %/0 %/ ollama={"version":"0.33.2"}
2026-09-29 02:35:09 procs=1 calls=35251 rate=168/h gpu=0 %/0 %/16 %/ ollama={"version":"0.33.2"}
2026-09-29 02:45:09 procs=1 calls=35279 rate=168/h gpu=37 %/0 %/0 %/ ollama={"version":"0.33.2"}
2026-09-29 02:55:10 procs=1 calls=35306 rate=162/h gpu=52 %/0 %/0 %/ ollama={"version":"0.33.2"}
2026-09-29 03:05:10 procs=1 calls=35336 rate=180/h gpu=0 %/0 %/0 %/ ollama={"version":"0.33.2"}
2026-09-29 03:15:10 procs=1 calls=35369 rate=198/h gpu=37 %/0 %/0 %/ ollama={"version":"0.33.2"}
2026-09-29 03:25:11 procs=1 calls=35401 rate=192/h gpu=52 %/0 %/0 %/ ollama={"version":"0.33.2"}
2026-09-29 03:35:11 procs=1 calls=35429 rate=168/h gpu=40 %/0 %/0 %/ ollama={"version":"0.33.2"}
2026-09-29 03:45:11 procs=1 calls=35461 rate=192/h gpu=40 %/0 %/0 %/ ollama={"version":"0.33.2"}
2026-09-29 03:55:12 procs=1 calls=35491 rate=180/h gpu=0 %/0 %/0 %/ ollama={"version":"0.33.2"}
2026-09-29 04:05:12 procs=1 calls=35523 rate=192/h gpu=52 %/0 %/0 %/ ollama={"version":"0.33.2"}
2026-09-29 04:15:12 procs=1 calls=35559 rate=216/h gpu=0 %/0 %/0 %/ ollama={"version":"0.33.2"}
2026-09-29 04:25:13 procs=1 calls=35592 rate=198/h gpu=41 %/0 %/0 %/ ollama={"version":"0.33.2"}
2026-09-29 04:35:13 procs=1 calls=35618 rate=156/h gpu=0 %/0 %/0 %/ ollama={"version":"0.33.2"}
2026-09-29 04:45:13 procs=1 calls=35637 rate=114/h gpu=0 %/0 %/0 %/ ollama={"version":"0.33.2"}
2026-09-29 04:55:13 procs=1 calls=35656 rate=114/h gpu=0 %/0 %/0 %/ ollama={"version":"0.33.2"}
2026-09-29 05:05:14 procs=1 calls=35671 rate=90/h gpu=5 %/6 %/7 %/ ollama={"version":"0.33.2"}
2026-09-29 05:15:14 procs=1 calls=35687 rate=96/h gpu=0 %/0 %/0 %/ ollama={"version":"0.33.2"}
2026-09-29 05:25:14 procs=1 calls=35701 rate=84/h gpu=51 %/0 %/0 %/ ollama={"version":"0.33.2"}
2026-09-29 05:35:15 procs=1 calls=35704 rate=18/h gpu=51 %/0 %/0 %/ ollama={"version":"0.33.2"}
2026-09-29 05:45:15 procs=1 calls=35716 rate=72/h gpu=39 %/0 %/0 %/ ollama={"version":"0.33.2"}
2026-09-29 05:55:15 procs=1 calls=35753 rate=222/h gpu=35 %/0 %/0 %/ ollama={"version":"0.33.2"}
2026-09-29 06:05:16 procs=1 calls=35783 rate=180/h gpu=0 %/0 %/0 %/ ollama={"version":"0.33.2"}
2026-09-29 06:15:16 procs=1 calls=35809 rate=156/h gpu=0 %/0 %/0 %/ ollama={"version":"0.33.2"}
2026-09-29 06:25:16 procs=1 calls=35836 rate=162/h gpu=0 %/68 %/99 %/ ollama={"version":"0.33.2"}
2026-09-29 06:35:17 procs=1 calls=35863 rate=162/h gpu=0 %/0 %/0 %/ ollama={"version":"0.33.2"}
2026-09-29 06:45:17 procs=1 calls=35889 rate=156/h gpu=9 %/7 %/11 %/ ollama={"version":"0.33.2"}
2026-09-29 06:55:17 procs=1 calls=35921 rate=192/h gpu=0 %/0 %/0 %/ ollama={"version":"0.33.2"}
2026-09-29 07:05:18 procs=1 calls=35949 rate=168/h gpu=0 %/0 %/0 %/ ollama={"version":"0.33.2"}
2026-09-29 07:15:18 procs=1 calls=35981 rate=192/h gpu=73 %/0 %/0 %/ ollama={"version":"0.33.2"}
2026-09-29 07:25:18 procs=1 calls=36011 rate=180/h gpu=0 %/0 %/0 %/ ollama={"version":"0.33.2"}
2026-09-29 07:35:19 procs=1 calls=36038 rate=162/h gpu=0 %/5 %/0 %/ ollama={"version":"0.33.2"}
2026-09-29 07:45:19 procs=1 calls=36068 rate=180/h gpu=0 %/0 %/0 %/ ollama={"version":"0.33.2"}
2026-09-29 07:55:19 procs=1 calls=36097 rate=174/h gpu=51 %/0 %/0 %/ ollama={"version":"0.33.2"}
2026-09-29 08:05:20 procs=1 calls=36129 rate=192/h gpu=0 %/0 %/0 %/ ollama={"version":"0.33.2"}
2026-09-29 08:15:20 procs=1 calls=36160 rate=186/h gpu=0 %/0 %/0 %/ ollama={"version":"0.33.2"}
2026-09-29 08:25:20 procs=1 calls=36188 rate=168/h gpu=41 %/0 %/0 %/ ollama={"version":"0.33.2"}
2026-09-29 08:35:21 procs=1 calls=36214 rate=156/h gpu=0 %/0 %/0 %/ ollama={"version":"0.33.2"}
2026-09-29 08:45:21 procs=1 calls=36244 rate=180/h gpu=40 %/0 %/0 %/ ollama={"version":"0.33.2"}
2026-09-29 08:55:21 procs=1 calls=36276 rate=192/h gpu=40 %/0 %/0 %/ ollama={"version":"0.33.2"}
2026-09-29 09:05:22 procs=1 calls=36302 rate=156/h gpu=0 %/0 %/0 %/ ollama={"version":"0.33.2"}
2026-09-29 09:15:22 procs=1 calls=36322 rate=120/h gpu=0 %/5 %/0 %/ ollama={"version":"0.33.2"}
2026-09-29 09:25:22 procs=1 calls=36337 rate=90/h gpu=7 %/9 %/0 %/ ollama={"version":"0.33.2"}
2026-09-29 09:35:23 procs=1 calls=36351 rate=84/h gpu=0 %/0 %/0 %/ ollama={"version":"0.33.2"}
2026-09-29 09:45:23 procs=1 calls=36366 rate=90/h gpu=40 %/0 %/0 %/ ollama={"version":"0.33.2"}
2026-09-29 09:55:23 procs=1 calls=36383 rate=102/h gpu=51 %/0 %/0 %/ ollama={"version":"0.33.2"}
2026-09-29 10:05:24 procs=1 calls=36398 rate=90/h gpu=0 %/0 %/0 %/ ollama={"version":"0.33.2"}
2026-09-29 10:15:24 procs=1 calls=36407 rate=54/h gpu=0 %/0 %/0 %/ ollama={"version":"0.33.2"}
2026-09-29 10:25:24 procs=1 calls=36417 rate=60/h gpu=83 %/0 %/0 %/ ollama={"version":"0.33.2"}
2026-09-29 10:35:25 procs=1 calls=36452 rate=210/h gpu=53 %/0 %/0 %/ ollama={"version":"0.33.2"}
2026-09-29 10:45:25 procs=1 calls=36480 rate=168/h gpu=38 %/100 %/0 %/ ollama={"version":"0.33.2"}
2026-09-29 10:55:25 procs=1 calls=36513 rate=198/h gpu=0 %/0 %/0 %/ ollama={"version":"0.33.2"}
2026-09-29 11:05:25 procs=1 calls=36539 rate=156/h gpu=0 %/0 %/0 %/ ollama={"version":"0.33.2"}
2026-09-29 11:15:26 procs=1 calls=36565 rate=156/h gpu=0 %/0 %/0 %/ ollama={"version":"0.33.2"}
2026-09-29 11:25:26 procs=1 calls=36598 rate=198/h gpu=0 %/0 %/0 %/ ollama={"version":"0.33.2"}
2026-09-29 11:35:27 procs=1 calls=36624 rate=156/h gpu=0 %/0 %/0 %/ ollama={"version":"0.33.2"}
2026-09-29 11:45:27 procs=1 calls=36657 rate=198/h gpu=0 %/0 %/0 %/ ollama={"version":"0.33.2"}
2026-09-29 11:55:27 procs=1 calls=36685 rate=168/h gpu=38 %/0 %/0 %/ ollama={"version":"0.33.2"}
2026-09-29 12:05:28 procs=1 calls=36716 rate=186/h gpu=0 %/0 %/0 %/ ollama={"version":"0.33.2"}
2026-09-29 12:15:28 procs=1 calls=36745 rate=174/h gpu=0 %/0 %/28 %/ ollama={"version":"0.33.2"}
2026-09-29 12:25:28 procs=1 calls=36773 rate=168/h gpu=0 %/0 %/0 %/ ollama={"version":"0.33.2"}
2026-09-29 12:35:29 procs=1 calls=36807 rate=204/h gpu=40 %/0 %/0 %/ ollama={"version":"0.33.2"}
2026-09-29 12:45:29 procs=1 calls=36833 rate=156/h gpu=59 %/100 %/0 %/ ollama={"version":"0.33.2"}
2026-09-29 12:55:29 procs=1 calls=36868 rate=210/h gpu=50 %/0 %/0 %/ ollama={"version":"0.33.2"}
2026-09-29 13:05:29 procs=1 calls=36895 rate=162/h gpu=41 %/0 %/0 %/ ollama={"version":"0.33.2"}
2026-09-29 13:15:30 procs=1 calls=36929 rate=204/h gpu=28 %/44 %/0 %/ ollama={"version":"0.33.2"}
2026-09-29 13:25:30 procs=1 calls=36958 rate=174/h gpu=0 %/0 %/0 %/ ollama={"version":"0.33.2"}
2026-09-29 13:35:30 procs=1 calls=36988 rate=180/h gpu=0 %/0 %/0 %/ ollama={"version":"0.33.2"}
2026-09-29 13:45:31 procs=1 calls=37019 rate=186/h gpu=0 %/0 %/0 %/ ollama={"version":"0.33.2"}
2026-09-29 13:55:31 procs=1 calls=37053 rate=204/h gpu=0 %/0 %/0 %/ ollama={"version":"0.33.2"}
2026-09-29 14:05:31 procs=1 calls=37080 rate=162/h gpu=49 %/0 %/0 %/ ollama={"version":"0.33.2"}
2026-09-29 14:15:32 procs=1 calls=37110 rate=180/h gpu=40 %/0 %/0 %/ ollama={"version":"0.33.2"}
2026-09-29 14:25:32 procs=1 calls=37137 rate=162/h gpu=0 %/0 %/0 %/ ollama={"version":"0.33.2"}
2026-09-29 14:35:32 procs=1 calls=37163 rate=156/h gpu=27 %/50 %/0 %/ ollama={"version":"0.33.2"}
2026-09-29 14:45:33 procs=1 calls=37191 rate=168/h gpu=0 %/0 %/0 %/ ollama={"version":"0.33.2"}
2026-09-29 14:55:33 procs=1 calls=37219 rate=168/h gpu=0 %/0 %/2 %/ ollama={"version":"0.33.2"}
2026-09-29 15:05:34 procs=1 calls=37242 rate=138/h gpu=0 %/0 %/0 %/ ollama={"version":"0.33.2"}
2026-09-29 15:15:34 procs=1 calls=37270 rate=168/h gpu=0 %/0 %/0 %/ ollama={"version":"0.33.2"}
2026-09-29 15:25:34 procs=1 calls=37295 rate=150/h gpu=0 %/0 %/0 %/ ollama={"version":"0.33.2"}
2026-09-29 15:35:34 procs=1 calls=37319 rate=144/h gpu=40 %/0 %/0 %/ ollama={"version":"0.33.2"}
2026-09-29 15:45:35 procs=1 calls=37346 rate=162/h gpu=0 %/0 %/0 %/ ollama={"version":"0.33.2"}
2026-09-29 15:55:35 procs=1 calls=37372 rate=156/h gpu=40 %/0 %/0 %/ ollama={"version":"0.33.2"}
2026-09-29 16:05:36 procs=1 calls=37396 rate=144/h gpu=62 %/100 %/0 %/ ollama={"version":"0.33.2"}
2026-09-29 16:15:36 procs=1 calls=37420 rate=144/h gpu=0 %/0 %/0 %/ ollama={"version":"0.33.2"}
2026-09-29 16:25:36 procs=1 calls=37443 rate=138/h gpu=40 %/0 %/0 %/ ollama={"version":"0.33.2"}
2026-09-29 16:35:37 procs=1 calls=37468 rate=150/h gpu=0 %/0 %/0 %/ ollama={"version":"0.33.2"}
2026-09-29 16:45:37 procs=1 calls=37485 rate=102/h gpu=40 %/0 %/0 %/ ollama={"version":"0.33.2"}
2026-09-29 16:55:37 procs=1 calls=37500 rate=90/h gpu=0 %/0 %/0 %/ ollama={"version":"0.33.2"}
2026-09-29 17:05:38 procs=1 calls=37519 rate=114/h gpu=0 %/0 %/0 %/ ollama={"version":"0.33.2"}
2026-09-29 17:15:38 procs=1 calls=37534 rate=90/h gpu=0 %/0 %/0 %/ ollama={"version":"0.33.2"}
2026-09-29 17:25:38 procs=1 calls=37540 rate=36/h gpu=0 %/0 %/0 %/ ollama={"version":"0.33.2"}
2026-09-29 17:35:39 procs=1 calls=37568 rate=168/h gpu=0 %/0 %/0 %/ ollama={"version":"0.33.2"}
2026-09-29 17:45:39 procs=1 calls=37604 rate=216/h gpu=0 %/0 %/0 %/ ollama={"version":"0.33.2"}
2026-09-29 17:55:39 procs=1 calls=37629 rate=150/h gpu=0 %/9 %/80 %/ ollama={"version":"0.33.2"}
2026-09-29 18:05:40 procs=1 calls=37655 rate=156/h gpu=0 %/0 %/0 %/ ollama={"version":"0.33.2"}
2026-09-29 18:15:40 procs=1 calls=37683 rate=168/h gpu=0 %/0 %/0 %/ ollama={"version":"0.33.2"}
2026-09-29 18:25:40 procs=1 calls=37710 rate=162/h gpu=0 %/0 %/0 %/ ollama={"version":"0.33.2"}
2026-09-29 18:35:41 procs=1 calls=37742 rate=192/h gpu=40 %/0 %/0 %/ ollama={"version":"0.33.2"}
2026-09-29 18:45:41 procs=1 calls=37770 rate=168/h gpu=0 %/0 %/0 %/ ollama={"version":"0.33.2"}
2026-09-29 18:55:41 procs=1 calls=37801 rate=186/h gpu=0 %/27 %/76 %/ ollama={"version":"0.33.2"}
2026-09-29 19:05:42 procs=1 calls=37832 rate=186/h gpu=49 %/0 %/0 %/ ollama={"version":"0.33.2"}
2026-09-29 19:15:42 procs=1 calls=37861 rate=174/h gpu=0 %/0 %/0 %/ ollama={"version":"0.33.2"}
2026-09-29 19:25:42 procs=1 calls=37899 rate=228/h gpu=0 %/0 %/0 %/ ollama={"version":"0.33.2"}
2026-09-29 19:35:43 procs=1 calls=37924 rate=150/h gpu=37 %/0 %/0 %/ ollama={"version":"0.33.2"}
2026-09-29 19:45:43 procs=1 calls=37956 rate=192/h gpu=47 %/0 %/0 %/ ollama={"version":"0.33.2"}
2026-09-29 19:55:43 procs=1 calls=37989 rate=198/h gpu=0 %/0 %/0 %/ ollama={"version":"0.33.2"}
2026-09-29 20:05:44 procs=1 calls=38017 rate=168/h gpu=0 %/0 %/0 %/ ollama={"version":"0.33.2"}
2026-09-29 20:15:44 procs=1 calls=38051 rate=204/h gpu=40 %/6 %/19 %/ ollama={"version":"0.33.2"}
2026-09-29 20:25:44 procs=1 calls=38081 rate=180/h gpu=0 %/43 %/70 %/ ollama={"version":"0.33.2"}
2026-09-29 20:35:45 procs=1 calls=38111 rate=180/h gpu=41 %/0 %/0 %/ ollama={"version":"0.33.2"}
2026-09-29 20:45:45 procs=1 calls=38132 rate=126/h gpu=0 %/0 %/45 %/ ollama={"version":"0.33.2"}
2026-09-29 20:55:45 procs=1 calls=38155 rate=138/h gpu=0 %/0 %/0 %/ ollama={"version":"0.33.2"}
2026-09-29 21:05:46 procs=1 calls=38184 rate=174/h gpu=88 %/0 %/0 %/ ollama={"version":"0.33.2"}
2026-09-29 21:15:46 procs=1 calls=38221 rate=222/h gpu=0 %/0 %/0 %/ ollama={"version":"0.33.2"}
2026-09-29 21:25:46 procs=1 calls=38247 rate=156/h gpu=40 %/0 %/0 %/ ollama={"version":"0.33.2"}
2026-09-29 21:35:47 procs=1 calls=38276 rate=174/h gpu=0 %/0 %/0 %/ ollama={"version":"0.33.2"}
2026-09-29 21:45:47 procs=1 calls=38306 rate=180/h gpu=41 %/0 %/0 %/ ollama={"version":"0.33.2"}
2026-09-29 21:55:47 procs=1 calls=38338 rate=192/h gpu=0 %/0 %/0 %/ ollama={"version":"0.33.2"}
2026-09-29 22:05:48 procs=1 calls=38366 rate=168/h gpu=0 %/0 %/0 %/ ollama={"version":"0.33.2"}
2026-09-29 22:15:48 procs=1 calls=38394 rate=168/h gpu=0 %/0 %/0 %/ ollama={"version":"0.33.2"}
2026-09-29 22:25:48 procs=1 calls=38422 rate=168/h gpu=0 %/0 %/0 %/ ollama={"version":"0.33.2"}
2026-09-29 22:35:49 procs=1 calls=38446 rate=144/h gpu=39 %/0 %/0 %/ ollama={"version":"0.33.2"}
2026-09-29 22:45:49 procs=1 calls=38473 rate=162/h gpu=0 %/0 %/0 %/ ollama={"version":"0.33.2"}
2026-09-29 22:55:49 procs=1 calls=38499 rate=156/h gpu=0 %/0 %/0 %/ ollama={"version":"0.33.2"}
2026-09-29 23:05:50 procs=1 calls=38528 rate=174/h gpu=0 %/0 %/0 %/ ollama={"version":"0.33.2"}
2026-09-29 23:15:50 procs=1 calls=38552 rate=144/h gpu=0 %/0 %/0 %/ ollama={"version":"0.33.2"}
2026-09-29 23:25:50 procs=1 calls=38578 rate=156/h gpu=0 %/0 %/0 %/ ollama={"version":"0.33.2"}
2026-09-29 23:35:51 procs=1 calls=38604 rate=156/h gpu=40 %/0 %/0 %/ ollama={"version":"0.33.2"}
2026-09-29 23:45:51 procs=1 calls=38627 rate=138/h gpu=0 %/0 %/0 %/ ollama={"version":"0.33.2"}
2026-09-29 23:55:52 procs=1 calls=38646 rate=114/h gpu=50 %/0 %/0 %/ ollama={"version":"0.33.2"}
2026-09-30 00:05:52 procs=1 calls=38665 rate=114/h gpu=0 %/0 %/0 %/ ollama={"version":"0.33.2"}
2026-09-30 00:15:52 procs=1 calls=38685 rate=120/h gpu=0 %/0 %/0 %/ ollama={"version":"0.33.2"}
2026-09-30 00:25:53 procs=1 calls=38697 rate=72/h gpu=0 %/0 %/0 %/ ollama={"version":"0.33.2"}
2026-09-30 00:35:53 procs=1 calls=38727 rate=180/h gpu=0 %/0 %/0 %/ ollama={"version":"0.33.2"}
2026-09-30 00:45:53 procs=1 calls=38754 rate=162/h gpu=50 %/0 %/0 %/ ollama={"version":"0.33.2"}
2026-09-30 00:55:54 procs=1 calls=38789 rate=210/h gpu=56 %/0 %/0 %/ ollama={"version":"0.33.2"}
2026-09-30 01:05:54 procs=1 calls=38817 rate=168/h gpu=64 %/0 %/0 %/ ollama={"version":"0.33.2"}
2026-09-30 01:15:54 procs=1 calls=38848 rate=186/h gpu=74 %/0 %/0 %/ ollama={"version":"0.33.2"}
2026-09-30 01:25:55 procs=1 calls=38878 rate=180/h gpu=0 %/0 %/0 %/ ollama={"version":"0.33.2"}
2026-09-30 01:35:55 procs=1 calls=38913 rate=210/h gpu=36 %/0 %/0 %/ ollama={"version":"0.33.2"}
2026-09-30 01:45:55 procs=1 calls=38944 rate=186/h gpu=0 %/0 %/0 %/ ollama={"version":"0.33.2"}
2026-09-30 01:55:56 procs=1 calls=38975 rate=186/h gpu=51 %/0 %/0 %/ ollama={"version":"0.33.2"}
2026-09-30 02:05:56 procs=1 calls=38998 rate=138/h gpu=52 %/0 %/0 %/ ollama={"version":"0.33.2"}
2026-09-30 02:15:56 procs=1 calls=39025 rate=162/h gpu=0 %/0 %/0 %/ ollama={"version":"0.33.2"}
2026-09-30 02:25:57 procs=1 calls=39059 rate=204/h gpu=0 %/0 %/0 %/ ollama={"version":"0.33.2"}
2026-09-30 02:35:57 procs=1 calls=39092 rate=198/h gpu=0 %/0 %/0 %/ ollama={"version":"0.33.2"}
2026-09-30 02:45:58 procs=1 calls=39128 rate=216/h gpu=0 %/0 %/0 %/ ollama={"version":"0.33.2"}
2026-09-30 02:55:58 procs=1 calls=39162 rate=204/h gpu=40 %/0 %/0 %/ ollama={"version":"0.33.2"}
2026-09-30 03:05:58 procs=1 calls=39193 rate=186/h gpu=41 %/0 %/0 %/ ollama={"version":"0.33.2"}
2026-09-30 03:15:59 procs=0
0 calls=39219 rate=156/h gpu=0 %/0 %/0 %/ ollama={"version":"0.33.2"}
2026-09-30 03:26:00 procs=1 calls=39222 rate=18/h gpu=35 %/0 %/0 %/ ollama={"version":"0.33.2"}
2026-09-30 03:36:00 procs=1 calls=39240 rate=108/h gpu=0 %/0 %/16 %/ ollama={"version":"0.33.2"}
2026-09-30 03:46:00 procs=1 calls=39275 rate=210/h gpu=0 %/0 %/0 %/ ollama={"version":"0.33.2"}
2026-09-30 03:56:01 procs=1 calls=39299 rate=144/h gpu=5 %/6 %/7 %/ ollama={"version":"0.33.2"}
2026-09-30 04:06:01 procs=1 calls=39329 rate=180/h gpu=37 %/0 %/0 %/ ollama={"version":"0.33.2"}
2026-09-30 04:16:01 procs=1 calls=39364 rate=210/h gpu=37 %/0 %/0 %/ ollama={"version":"0.33.2"}
2026-09-30 04:26:02 procs=1 calls=39389 rate=150/h gpu=41 %/16 %/14 %/ ollama={"version":"0.33.2"}
2026-09-30 04:36:02 procs=1 calls=39416 rate=162/h gpu=0 %/0 %/0 %/ ollama={"version":"0.33.2"}
2026-09-30 04:46:02 procs=1 calls=39443 rate=162/h gpu=0 %/0 %/0 %/ ollama={"version":"0.33.2"}
2026-09-30 04:56:03 procs=1 calls=39468 rate=150/h gpu=0 %/0 %/0 %/ ollama={"version":"0.33.2"}
2026-09-30 05:06:03 procs=1 calls=39498 rate=180/h gpu=0 %/0 %/43 %/ ollama={"version":"0.33.2"}
2026-09-30 05:16:03 procs=1 calls=39526 rate=168/h gpu=0 %/0 %/0 %/ ollama={"version":"0.33.2"}
2026-09-30 05:26:04 procs=1 calls=39559 rate=198/h gpu=0 %/0 %/0 %/ ollama={"version":"0.33.2"}
2026-09-30 05:36:04 procs=1 calls=39592 rate=198/h gpu=0 %/0 %/0 %/ ollama={"version":"0.33.2"}
2026-09-30 05:46:04 procs=1 calls=39623 rate=186/h gpu=39 %/0 %/0 %/ ollama={"version":"0.33.2"}
2026-09-30 05:56:05 procs=1 calls=39654 rate=186/h gpu=0 %/0 %/0 %/ ollama={"version":"0.33.2"}
2026-09-30 06:06:05 procs=1 calls=39684 rate=180/h gpu=0 %/0 %/0 %/ ollama={"version":"0.33.2"}
2026-09-30 06:16:05 procs=1 calls=39714 rate=180/h gpu=49 %/0 %/0 %/ ollama={"version":"0.33.2"}
2026-09-30 06:26:06 procs=1 calls=39748 rate=204/h gpu=53 %/0 %/0 %/ ollama={"version":"0.33.2"}
2026-09-30 06:36:06 procs=1 calls=39776 rate=168/h gpu=0 %/0 %/0 %/ ollama={"version":"0.33.2"}
2026-09-30 06:46:06 procs=1 calls=39812 rate=216/h gpu=18 %/6 %/7 %/ ollama={"version":"0.33.2"}
2026-09-30 06:56:06 procs=1 calls=39842 rate=180/h gpu=40 %/0 %/0 %/ ollama={"version":"0.33.2"}
2026-09-30 07:06:07 procs=1 calls=39874 rate=192/h gpu=0 %/0 %/0 %/ ollama={"version":"0.33.2"}
2026-09-30 07:16:07 procs=1 calls=39901 rate=162/h gpu=19 %/14 %/16 %/ ollama={"version":"0.33.2"}
2026-09-30 07:26:07 procs=1 calls=39927 rate=156/h gpu=0 %/0 %/0 %/ ollama={"version":"0.33.2"}
2026-09-30 07:36:08 procs=1 calls=39960 rate=198/h gpu=0 %/0 %/0 %/ ollama={"version":"0.33.2"}
2026-09-30 07:46:08 procs=1 calls=39992 rate=192/h gpu=83 %/18 %/0 %/ ollama={"version":"0.33.2"}
2026-09-30 07:56:08 procs=1 calls=40024 rate=192/h gpu=40 %/0 %/0 %/ ollama={"version":"0.33.2"}
2026-09-30 08:06:09 procs=1 calls=40053 rate=174/h gpu=70 %/1 %/0 %/ ollama={"version":"0.33.2"}
2026-09-30 08:16:09 procs=1 calls=40086 rate=198/h gpu=91 %/0 %/0 %/ ollama={"version":"0.33.2"}
2026-09-30 08:26:09 procs=1 calls=40114 rate=168/h gpu=34 %/0 %/0 %/ ollama={"version":"0.33.2"}
2026-09-30 08:36:10 procs=1 calls=40141 rate=162/h gpu=52 %/0 %/0 %/ ollama={"version":"0.33.2"}
2026-09-30 08:46:10 procs=1 calls=40165 rate=144/h gpu=52 %/0 %/0 %/ ollama={"version":"0.33.2"}
2026-09-30 08:56:10 procs=1 calls=40192 rate=162/h gpu=41 %/0 %/0 %/ ollama={"version":"0.33.2"}
2026-09-30 09:06:10 procs=1 calls=40219 rate=162/h gpu=0 %/0 %/7 %/ ollama={"version":"0.33.2"}
2026-09-30 09:16:11 procs=1 calls=40244 rate=150/h gpu=0 %/0 %/0 %/ ollama={"version":"0.33.2"}
2026-09-30 09:26:11 procs=1 calls=40273 rate=174/h gpu=0 %/0 %/0 %/ ollama={"version":"0.33.2"}
2026-09-30 09:36:11 procs=1 calls=40303 rate=180/h gpu=38 %/0 %/0 %/ ollama={"version":"0.33.2"}
2026-09-30 09:46:12 procs=1 calls=40328 rate=150/h gpu=47 %/0 %/0 %/ ollama={"version":"0.33.2"}
2026-09-30 09:56:12 procs=1 calls=40347 rate=114/h gpu=10 %/7 %/8 %/ ollama={"version":"0.33.2"}
2026-09-30 10:06:12 procs=1 calls=40366 rate=114/h gpu=0 %/0 %/0 %/ ollama={"version":"0.33.2"}
2026-09-30 10:16:13 procs=1 calls=40384 rate=108/h gpu=9 %/12 %/12 %/ ollama={"version":"0.33.2"}
2026-09-30 10:26:13 procs=1 calls=40400 rate=96/h gpu=0 %/0 %/0 %/ ollama={"version":"0.33.2"}
2026-09-30 10:36:13 procs=0
0 calls=40402 rate=12/h gpu=0 %/0 %/0 %/ ollama={"version":"0.33.2"}
2026-09-30 10:46:14 procs=0
0 calls=40402 rate=0/h gpu=0 %/0 %/0 %/ ollama={"version":"0.33.2"}
2026-09-30 10:56:14 procs=0
0 calls=40402 rate=0/h gpu=0 %/0 %/0 %/ ollama={"version":"0.33.2"}
2026-09-30 11:06:14 procs=0
0 calls=40402 rate=0/h gpu=0 %/0 %/0 %/ ollama={"version":"0.33.2"}
2026-09-30 11:16:15 procs=0
0 calls=40402 rate=0/h gpu=0 %/0 %/0 %/ ollama={"version":"0.33.2"}
2026-09-30 11:26:15 procs=0
0 calls=40402 rate=0/h gpu=0 %/0 %/0 %/ ollama={"version":"0.33.2"}
2026-09-30 11:36:15 procs=0
0 calls=40402 rate=0/h gpu=0 %/0 %/0 %/ ollama={"version":"0.33.2"}
2026-09-30 11:46:15 procs=0
0 calls=40402 rate=0/h gpu=0 %/0 %/0 %/ ollama={"version":"0.33.2"}
2026-09-30 11:56:16 procs=0
0 calls=40402 rate=0/h gpu=0 %/0 %/0 %/ ollama={"version":"0.33.2"}
2026-09-30 12:06:16 procs=0
0 calls=40402 rate=0/h gpu=0 %/0 %/0 %/ ollama={"version":"0.33.2"}
2026-09-30 12:16:16 procs=0
0 calls=40402 rate=0/h gpu=0 %/0 %/0 %/ ollama={"version":"0.33.2"}
2026-09-30 12:26:17 procs=0
0 calls=40402 rate=0/h gpu=0 %/0 %/0 %/ ollama={"version":"0.33.2"}
2026-09-30 12:36:17 procs=0
0 calls=40402 rate=0/h gpu=0 %/0 %/0 %/ ollama={"version":"0.33.2"}
2026-09-30 12:46:17 procs=0
0 calls=40402 rate=0/h gpu=0 %/0 %/0 %/ ollama={"version":"0.33.2"}
2026-09-30 12:56:18 procs=0
0 calls=40402 rate=0/h gpu=0 %/0 %/0 %/ ollama={"version":"0.33.2"}
2026-09-30 13:06:18 procs=0
0 calls=40402 rate=0/h gpu=0 %/0 %/0 %/ ollama={"version":"0.33.2"}
2026-09-30 13:16:18 procs=0
0 calls=40402 rate=0/h gpu=0 %/0 %/0 %/ ollama={"version":"0.33.2"}
2026-09-30 13:26:19 procs=0
0 calls=40402 rate=0/h gpu=0 %/0 %/0 %/ ollama={"version":"0.33.2"}
2026-09-30 13:36:19 procs=0
0 calls=40402 rate=0/h gpu=0 %/0 %/0 %/ ollama={"version":"0.33.2"}
2026-09-30 13:46:19 procs=0
0 calls=40402 rate=0/h gpu=0 %/0 %/0 %/ ollama={"version":"0.33.2"}
2026-09-30 13:56:20 procs=0
0 calls=40402 rate=0/h gpu=0 %/0 %/0 %/ ollama={"version":"0.33.2"}
2026-09-30 14:06:20 procs=0
0 calls=40402 rate=0/h gpu=0 %/0 %/0 %/ ollama={"version":"0.33.2"}
2026-09-30 14:16:20 procs=0
0 calls=40402 rate=0/h gpu=0 %/0 %/0 %/ ollama={"version":"0.33.2"}
2026-09-30 14:26:21 procs=0
0 calls=40402 rate=0/h gpu=0 %/0 %/0 %/ ollama={"version":"0.33.2"}
2026-09-30 14:36:21 procs=0
0 calls=40402 rate=0/h gpu=0 %/0 %/0 %/ ollama={"version":"0.33.2"}
2026-09-30 14:46:21 procs=0
0 calls=40402 rate=0/h gpu=0 %/0 %/0 %/ ollama={"version":"0.33.2"}
2026-09-30 14:57:26 procs=1 calls=40402 rate=baseline gpu=0 %/73 %/90 %/ ollama={"version":"0.33.2"}
2026-09-30 15:07:27 procs=1 calls=40422 rate=120/h gpu=0 %/0 %/0 %/ ollama={"version":"0.33.2"}
2026-09-30 15:17:27 procs=1 calls=40449 rate=162/h gpu=0 %/0 %/0 %/ ollama={"version":"0.33.2"}
2026-09-30 15:27:27 procs=1 calls=40470 rate=126/h gpu=0 %/0 %/0 %/ ollama={"version":"0.33.2"}
2026-09-30 15:37:28 procs=1 calls=40491 rate=126/h gpu=0 %/0 %/0 %/ ollama={"version":"0.33.2"}
2026-09-30 15:47:30 procs=1 calls=40511 rate=120/h gpu=6 %/3 %/1 %/ ollama={"version":"0.33.2"}
2026-09-30 15:57:31 procs=1 calls=40554 rate=258/h gpu=6 %/6 %/19 %/ ollama={"version":"0.33.2"}
2026-09-30 16:07:31 procs=1 calls=40594 rate=240/h gpu=0 %/0 %/0 %/ ollama={"version":"0.33.2"}
2026-09-30 16:17:32 procs=1 calls=40635 rate=246/h gpu=0 %/0 %/0 %/ ollama={"version":"0.33.2"}
2026-09-30 16:27:32 procs=1 calls=40684 rate=294/h gpu=0 %/0 %/0 %/ ollama={"version":"0.33.2"}
2026-09-30 16:37:32 procs=1 calls=40726 rate=252/h gpu=0 %/0 %/0 %/ ollama={"version":"0.33.2"}
2026-09-30 16:47:32 procs=1 calls=40769 rate=258/h gpu=27 %/26 %/35 %/ ollama={"version":"0.33.2"}
2026-09-30 16:57:33 procs=1 calls=40812 rate=258/h gpu=0 %/0 %/0 %/ ollama={"version":"0.33.2"}
2026-09-30 17:07:33 procs=1 calls=40855 rate=258/h gpu=0 %/0 %/0 %/ ollama={"version":"0.33.2"}
2026-09-30 17:17:33 procs=1 calls=40897 rate=252/h gpu=12 %/12 %/11 %/ ollama={"version":"0.33.2"}
2026-09-30 17:27:34 procs=1 calls=40938 rate=246/h gpu=0 %/0 %/0 %/ ollama={"version":"0.33.2"}
2026-09-30 17:37:34 procs=1 calls=40976 rate=228/h gpu=0 %/0 %/34 %/ ollama={"version":"0.33.2"}
2026-09-30 17:47:34 procs=1 calls=41030 rate=324/h gpu=0 %/0 %/0 %/ ollama={"version":"0.33.2"}
2026-09-30 17:57:34 procs=1 calls=41082 rate=312/h gpu=11 %/11 %/8 %/ ollama={"version":"0.33.2"}
2026-09-30 18:07:35 procs=1 calls=41126 rate=264/h gpu=0 %/0 %/0 %/ ollama={"version":"0.33.2"}
2026-09-30 18:17:35 procs=1 calls=41170 rate=264/h gpu=0 %/0 %/0 %/ ollama={"version":"0.33.2"}
2026-09-30 18:27:35 procs=1 calls=41216 rate=276/h gpu=0 %/0 %/0 %/ ollama={"version":"0.33.2"}
2026-09-30 18:37:36 procs=1 calls=41245 rate=174/h gpu=12 %/10 %/17 %/ ollama={"version":"0.33.2"}
2026-09-30 18:47:36 procs=1 calls=41277 rate=192/h gpu=0 %/0 %/0 %/ ollama={"version":"0.33.2"}
2026-09-30 18:57:36 procs=1 calls=41314 rate=222/h gpu=8 %/8 %/0 %/ ollama={"version":"0.33.2"}
2026-09-30 19:07:36 procs=1 calls=41351 rate=222/h gpu=0 %/0 %/0 %/ ollama={"version":"0.33.2"}
2026-09-30 19:17:37 procs=1 calls=41393 rate=252/h gpu=0 %/0 %/0 %/ ollama={"version":"0.33.2"}
2026-09-30 19:27:37 procs=1 calls=41437 rate=264/h gpu=0 %/0 %/0 %/ ollama={"version":"0.33.2"}
2026-09-30 19:37:37 procs=1 calls=41471 rate=204/h gpu=55 %/13 %/24 %/ ollama={"version":"0.33.2"}
2026-09-30 19:47:37 procs=1 calls=41505 rate=204/h gpu=0 %/0 %/0 %/ ollama={"version":"0.33.2"}
2026-09-30 19:57:38 procs=1 calls=41539 rate=204/h gpu=0 %/0 %/0 %/ ollama={"version":"0.33.2"}
2026-09-30 20:07:38 procs=1 calls=41572 rate=198/h gpu=0 %/0 %/0 %/ ollama={"version":"0.33.2"}
2026-09-30 20:17:38 procs=1 calls=41605 rate=198/h gpu=10 %/12 %/55 %/ ollama={"version":"0.33.2"}
2026-09-30 20:27:38 procs=1 calls=41638 rate=198/h gpu=0 %/0 %/0 %/ ollama={"version":"0.33.2"}
2026-09-30 20:37:39 procs=1 calls=41670 rate=192/h gpu=8 %/10 %/6 %/ ollama={"version":"0.33.2"}
2026-09-30 20:47:39 procs=1 calls=41701 rate=186/h gpu=11 %/12 %/7 %/ ollama={"version":"0.33.2"}
2026-09-30 20:57:39 procs=1 calls=41734 rate=198/h gpu=0 %/0 %/0 %/ ollama={"version":"0.33.2"}
2026-09-30 21:07:40 procs=1 calls=41768 rate=204/h gpu=0 %/0 %/0 %/ ollama={"version":"0.33.2"}
2026-09-30 21:17:40 procs=1 calls=41801 rate=198/h gpu=0 %/0 %/0 %/ ollama={"version":"0.33.2"}
2026-09-30 21:27:40 procs=1 calls=41835 rate=204/h gpu=0 %/0 %/0 %/ ollama={"version":"0.33.2"}
2026-09-30 21:37:40 procs=1 calls=41870 rate=210/h gpu=0 %/0 %/0 %/ ollama={"version":"0.33.2"}
2026-09-30 21:47:41 procs=1 calls=41902 rate=192/h gpu=7 %/8 %/9 %/ ollama={"version":"0.33.2"}
2026-09-30 21:57:41 procs=1 calls=41935 rate=198/h gpu=0 %/0 %/2 %/ ollama={"version":"0.33.2"}
2026-09-30 22:07:41 procs=1 calls=41968 rate=198/h gpu=19 %/45 %/18 %/ ollama={"version":"0.33.2"}
2026-09-30 22:17:41 procs=1 calls=42003 rate=210/h gpu=0 %/0 %/0 %/ ollama={"version":"0.33.2"}
2026-09-30 22:27:42 procs=1 calls=42037 rate=204/h gpu=0 %/0 %/0 %/ ollama={"version":"0.33.2"}
2026-09-30 22:37:42 procs=1 calls=42071 rate=204/h gpu=0 %/0 %/10 %/ ollama={"version":"0.33.2"}
2026-09-30 22:47:42 procs=1 calls=42105 rate=204/h gpu=2 %/2 %/6 %/ ollama={"version":"0.33.2"}
2026-09-30 22:57:43 procs=1 calls=42139 rate=204/h gpu=13 %/15 %/7 %/ ollama={"version":"0.33.2"}
2026-09-30 23:07:43 procs=1 calls=42171 rate=192/h gpu=0 %/0 %/0 %/ ollama={"version":"0.33.2"}
2026-09-30 23:17:43 procs=1 calls=42201 rate=180/h gpu=2 %/5 %/0 %/ ollama={"version":"0.33.2"}
2026-09-30 23:27:43 procs=1 calls=42233 rate=192/h gpu=16 %/14 %/12 %/ ollama={"version":"0.33.2"}
2026-09-30 23:37:44 procs=1 calls=42267 rate=204/h gpu=29 %/13 %/38 %/ ollama={"version":"0.33.2"}
2026-09-30 23:47:44 procs=1 calls=42303 rate=216/h gpu=0 %/0 %/0 %/ ollama={"version":"0.33.2"}
2026-09-30 23:57:44 procs=1 calls=42338 rate=210/h gpu=0 %/0 %/0 %/ ollama={"version":"0.33.2"}
2026-10-01 00:07:45 procs=1 calls=42372 rate=204/h gpu=0 %/0 %/0 %/ ollama={"version":"0.33.2"}
2026-10-01 00:17:45 procs=1 calls=42407 rate=210/h gpu=0 %/0 %/0 %/ ollama={"version":"0.33.2"}
2026-10-01 00:27:45 procs=1 calls=42442 rate=210/h gpu=0 %/4 %/0 %/ ollama={"version":"0.33.2"}
2026-10-01 00:37:45 procs=1 calls=42475 rate=198/h gpu=0 %/0 %/0 %/ ollama={"version":"0.33.2"}
2026-10-01 00:47:46 procs=1 calls=42509 rate=204/h gpu=0 %/0 %/0 %/ ollama={"version":"0.33.2"}
2026-10-01 00:57:46 procs=1 calls=42546 rate=222/h gpu=0 %/0 %/0 %/ ollama={"version":"0.33.2"}
2026-10-01 01:07:46 procs=1 calls=42579 rate=198/h gpu=0 %/0 %/0 %/ ollama={"version":"0.33.2"}
2026-10-01 01:17:47 procs=1 calls=42612 rate=198/h gpu=0 %/0 %/0 %/ ollama={"version":"0.33.2"}
2026-10-01 01:27:47 procs=1 calls=42646 rate=204/h gpu=0 %/0 %/0 %/ ollama={"version":"0.33.2"}
2026-10-01 01:37:47 procs=1 calls=42681 rate=210/h gpu=0 %/0 %/0 %/ ollama={"version":"0.33.2"}
2026-10-01 01:47:47 procs=1 calls=42732 rate=306/h gpu=27 %/23 %/29 %/ ollama={"version":"0.33.2"}
2026-10-01 01:57:48 procs=1 calls=42791 rate=354/h gpu=0 %/0 %/0 %/ ollama={"version":"0.33.2"}
2026-10-01 02:07:48 procs=1 calls=42839 rate=288/h gpu=100 %/4 %/0 %/ ollama={"version":"0.33.2"}
2026-10-01 02:17:48 procs=1 calls=42889 rate=300/h gpu=0 %/0 %/0 %/ ollama={"version":"0.33.2"}
2026-10-01 02:27:49 procs=1 calls=42993 rate=624/h gpu=29 %/12 %/11 %/ ollama={"version":"0.33.2"}
2026-10-01 02:37:49 procs=1 calls=43061 rate=408/h gpu=0 %/0 %/2 %/ ollama={"version":"0.33.2"}
2026-10-01 02:47:49 procs=1 calls=43100 rate=234/h gpu=0 %/2 %/4 %/ ollama={"version":"0.33.2"}
2026-10-01 02:57:50 procs=1 calls=43142 rate=252/h gpu=6 %/4 %/3 %/ ollama={"version":"0.33.2"}
2026-10-01 03:07:50 procs=1 calls=43181 rate=234/h gpu=0 %/0 %/0 %/ ollama={"version":"0.33.2"}
2026-10-01 03:17:50 procs=1 calls=43262 rate=486/h gpu=0 %/0 %/0 %/ ollama={"version":"0.33.2"}
2026-10-01 03:27:50 procs=1 calls=43337 rate=450/h gpu=0 %/0 %/0 %/ ollama={"version":"0.33.2"}
2026-10-01 03:37:51 procs=1 calls=43376 rate=234/h gpu=12 %/100 %/4 %/ ollama={"version":"0.33.2"}
2026-10-01 03:47:51 procs=1 calls=43412 rate=216/h gpu=10 %/11 %/0 %/ ollama={"version":"0.33.2"}
2026-10-01 03:57:51 procs=1 calls=43451 rate=234/h gpu=0 %/0 %/4 %/ ollama={"version":"0.33.2"}
2026-10-01 04:07:52 procs=1 calls=43485 rate=204/h gpu=11 %/11 %/0 %/ ollama={"version":"0.33.2"}
2026-10-01 04:17:52 procs=1 calls=43522 rate=222/h gpu=0 %/0 %/0 %/ ollama={"version":"0.33.2"}
2026-10-01 04:27:52 procs=1 calls=43557 rate=210/h gpu=25 %/25 %/30 %/ ollama={"version":"0.33.2"}
2026-10-01 04:37:53 procs=1 calls=43596 rate=234/h gpu=0 %/8 %/7 %/ ollama={"version":"0.33.2"}
2026-10-01 04:47:53 procs=1 calls=43640 rate=264/h gpu=0 %/0 %/78 %/ ollama={"version":"0.33.2"}
2026-10-01 04:57:53 procs=1 calls=43684 rate=264/h gpu=0 %/0 %/0 %/ ollama={"version":"0.33.2"}
2026-10-01 05:07:53 procs=1 calls=43730 rate=276/h gpu=3 %/4 %/0 %/ ollama={"version":"0.33.2"}
2026-10-01 05:17:54 procs=1 calls=43770 rate=240/h gpu=0 %/0 %/0 %/ ollama={"version":"0.33.2"}
2026-10-01 05:27:54 procs=1 calls=43811 rate=246/h gpu=11 %/0 %/12 %/ ollama={"version":"0.33.2"}
2026-10-01 05:37:54 procs=1 calls=43851 rate=240/h gpu=16 %/16 %/18 %/ ollama={"version":"0.33.2"}
2026-10-01 05:47:55 procs=1 calls=43897 rate=276/h gpu=0 %/0 %/0 %/ ollama={"version":"0.33.2"}
2026-10-01 05:57:55 procs=1 calls=43938 rate=246/h gpu=0 %/0 %/0 %/ ollama={"version":"0.33.2"}
2026-10-01 06:07:55 procs=1 calls=43995 rate=342/h gpu=16 %/14 %/27 %/ ollama={"version":"0.33.2"}
2026-10-01 06:17:56 procs=1 calls=44175 rate=1080/h gpu=60 %/47 %/20 %/ ollama={"version":"0.33.2"}
2026-10-01 06:27:56 procs=1 calls=44487 rate=1872/h gpu=43 %/42 %/53 %/ ollama={"version":"0.33.2"}
2026-10-01 06:37:56 procs=1 calls=44745 rate=1548/h gpu=0 %/0 %/0 %/ ollama={"version":"0.33.2"}
2026-10-01 06:47:56 procs=1 calls=44888 rate=858/h gpu=0 %/0 %/0 %/ ollama={"version":"0.33.2"}
2026-10-01 06:57:57 procs=1 calls=45085 rate=1182/h gpu=0 %/0 %/0 %/ ollama={"version":"0.33.2"}
2026-10-01 07:07:57 procs=1 calls=45274 rate=1134/h gpu=0 %/0 %/0 %/ ollama={"version":"0.33.2"}
2026-10-01 07:17:57 procs=1 calls=45428 rate=924/h gpu=57 %/43 %/18 %/ ollama={"version":"0.33.2"}
2026-10-01 07:27:58 procs=1 calls=45755 rate=1962/h gpu=42 %/40 %/53 %/ ollama={"version":"0.33.2"}
2026-10-01 07:37:58 procs=1 calls=45996 rate=1446/h gpu=0 %/3 %/6 %/ ollama={"version":"0.33.2"}
2026-10-01 07:47:58 procs=1 calls=46200 rate=1224/h gpu=0 %/0 %/0 %/ ollama={"version":"0.33.2"}
2026-10-01 07:57:59 procs=1 calls=46395 rate=1170/h gpu=34 %/44 %/53 %/ ollama={"version":"0.33.2"}
2026-10-01 08:07:59 procs=1 calls=46562 rate=1002/h gpu=30 %/26 %/30 %/ ollama={"version":"0.33.2"}
2026-10-01 08:17:59 procs=1 calls=46652 rate=540/h gpu=31 %/82 %/24 %/ ollama={"version":"0.33.2"}
2026-10-01 08:28:00 procs=1 calls=46746 rate=564/h gpu=0 %/100 %/100 %/ ollama={"version":"0.33.2"}
2026-10-01 08:38:00 procs=1 calls=46839 rate=558/h gpu=23 %/26 %/29 %/ ollama={"version":"0.33.2"}
2026-10-01 08:48:00 procs=1 calls=46937 rate=588/h gpu=26 %/27 %/30 %/ ollama={"version":"0.33.2"}
2026-10-01 08:58:01 procs=1 calls=47034 rate=582/h gpu=27 %/26 %/29 %/ ollama={"version":"0.33.2"}
2026-10-01 09:08:01 procs=1 calls=47118 rate=504/h gpu=25 %/19 %/26 %/ ollama={"version":"0.33.2"}
2026-10-01 09:18:01 procs=1 calls=47208 rate=540/h gpu=25 %/26 %/30 %/ ollama={"version":"0.33.2"}
2026-10-01 09:28:01 procs=1 calls=47282 rate=444/h gpu=29 %/30 %/33 %/ ollama={"version":"0.33.2"}
2026-10-01 09:38:02 procs=1 calls=47372 rate=540/h gpu=28 %/26 %/29 %/ ollama={"version":"0.33.2"}
2026-10-01 09:48:02 procs=1 calls=47461 rate=534/h gpu=26 %/26 %/29 %/ ollama={"version":"0.33.2"}
2026-10-01 09:58:02 procs=1 calls=47552 rate=546/h gpu=100 %/100 %/30 %/ ollama={"version":"0.33.2"}
2026-10-01 10:08:03 procs=1 calls=47642 rate=540/h gpu=30 %/29 %/30 %/ ollama={"version":"0.33.2"}
2026-10-01 10:18:03 procs=1 calls=47735 rate=558/h gpu=29 %/26 %/30 %/ ollama={"version":"0.33.2"}
2026-10-01 10:28:03 procs=1 calls=47818 rate=498/h gpu=100 %/0 %/0 %/ ollama={"version":"0.33.2"}
2026-10-01 10:38:04 procs=1 calls=47884 rate=396/h gpu=100 %/0 %/0 %/ ollama={"version":"0.33.2"}
2026-10-01 10:48:04 procs=1 calls=47959 rate=450/h gpu=0 %/0 %/0 %/ ollama={"version":"0.33.2"}
2026-10-01 10:58:04 procs=1 calls=48032 rate=438/h gpu=87 %/0 %/0 %/ ollama={"version":"0.33.2"}
2026-10-01 11:08:05 procs=1 calls=48094 rate=372/h gpu=88 %/0 %/0 %/ ollama={"version":"0.33.2"}
2026-10-01 11:18:05 procs=1 calls=48158 rate=384/h gpu=82 %/0 %/0 %/ ollama={"version":"0.33.2"}
2026-10-01 11:28:05 procs=1 calls=48220 rate=372/h gpu=71 %/0 %/0 %/ ollama={"version":"0.33.2"}
2026-10-01 11:38:06 procs=1 calls=48299 rate=474/h gpu=100 %/0 %/0 %/ ollama={"version":"0.33.2"}
2026-10-01 11:48:06 procs=1 calls=48375 rate=456/h gpu=85 %/0 %/0 %/ ollama={"version":"0.33.2"}
2026-10-01 11:58:06 procs=1 calls=48446 rate=426/h gpu=84 %/0 %/0 %/ ollama={"version":"0.33.2"}
2026-10-01 12:08:07 procs=1 calls=48506 rate=360/h gpu=100 %/0 %/0 %/ ollama={"version":"0.33.2"}
2026-10-01 12:18:07 procs=1 calls=48583 rate=462/h gpu=87 %/0 %/0 %/ ollama={"version":"0.33.2"}
2026-10-01 12:28:07 procs=1 calls=48659 rate=456/h gpu=28 %/0 %/0 %/ ollama={"version":"0.33.2"}
2026-10-01 12:38:08 procs=1 calls=48726 rate=402/h gpu=100 %/0 %/0 %/ ollama={"version":"0.33.2"}
2026-10-01 12:48:08 procs=1 calls=48802 rate=456/h gpu=86 %/0 %/0 %/ ollama={"version":"0.33.2"}
2026-10-01 12:58:08 procs=1 calls=48864 rate=372/h gpu=87 %/0 %/0 %/ ollama={"version":"0.33.2"}
2026-10-01 13:08:09 procs=1 calls=48932 rate=408/h gpu=20 %/0 %/0 %/ ollama={"version":"0.33.2"}
2026-10-01 13:18:09 procs=1 calls=48998 rate=396/h gpu=86 %/0 %/0 %/ ollama={"version":"0.33.2"}
2026-10-01 13:28:09 procs=1 calls=49057 rate=354/h gpu=100 %/0 %/0 %/ ollama={"version":"0.33.2"}
2026-10-01 13:38:10 procs=0 calls=49093 rate=216/h gpu=0 %/0 %/0 %/ ollama={"version":"0.33.2"}
2026-10-01 13:48:10 procs=0 calls=49093 rate=0/h gpu=0 %/0 %/0 %/ ollama={"version":"0.33.2"}
2026-10-01 13:58:10 procs=0 calls=49093 rate=0/h gpu=0 %/0 %/0 %/ ollama={"version":"0.33.2"}
2026-10-01 14:08:11 procs=0 calls=49093 rate=0/h gpu=0 %/0 %/0 %/ ollama={"version":"0.33.2"}
2026-10-01 14:18:11 procs=0 calls=49093 rate=0/h gpu=0 %/0 %/0 %/ ollama={"version":"0.33.2"}
2026-10-01 14:28:11 procs=0 calls=49093 rate=0/h gpu=0 %/0 %/0 %/ ollama={"version":"0.33.2"}
2026-10-01 14:38:12 procs=0 calls=49093 rate=0/h gpu=0 %/0 %/0 %/ ollama={"version":"0.33.2"}
2026-10-01 14:48:12 procs=0 calls=49093 rate=0/h gpu=0 %/0 %/0 %/ ollama={"version":"0.33.2"}
2026-10-01 14:58:12 procs=0 calls=49093 rate=0/h gpu=0 %/0 %/0 %/ ollama={"version":"0.33.2"}
2026-10-01 15:08:13 procs=0 calls=49093 rate=0/h gpu=0 %/0 %/0 %/ ollama={"version":"0.33.2"}
2026-10-01 15:18:13 procs=0 calls=49093 rate=0/h gpu=0 %/0 %/0 %/ ollama={"version":"0.33.2"}
2026-10-01 15:28:13 procs=0 calls=49093 rate=0/h gpu=0 %/0 %/0 %/ ollama={"version":"0.33.2"}
2026-10-01 15:38:14 procs=0 calls=49093 rate=0/h gpu=0 %/0 %/0 %/ ollama={"version":"0.33.2"}
2026-10-01 15:48:14 procs=0 calls=49093 rate=0/h gpu=0 %/0 %/0 %/ ollama={"version":"0.33.2"}
2026-10-01 15:58:14 procs=0 calls=49093 rate=0/h gpu=0 %/0 %/0 %/ ollama={"version":"0.33.2"}
2026-10-01 16:08:15 procs=0 calls=49093 rate=0/h gpu=0 %/0 %/0 %/ ollama={"version":"0.33.2"}
2026-10-01 16:18:15 procs=0 calls=49093 rate=0/h gpu=0 %/0 %/0 %/ ollama={"version":"0.33.2"}
2026-10-01 16:28:15 procs=0 calls=49093 rate=0/h gpu=0 %/0 %/0 %/ ollama={"version":"0.33.2"}
2026-10-01 16:38:16 procs=0 calls=49093 rate=0/h gpu=0 %/0 %/0 %/ ollama={"version":"0.33.2"}
2026-10-01 16:48:16 procs=0 calls=49093 rate=0/h gpu=0 %/0 %/0 %/ ollama={"version":"0.33.2"}
2026-10-01 16:58:16 procs=0 calls=49093 rate=0/h gpu=0 %/0 %/0 %/ ollama={"version":"0.33.2"}
2026-10-01 17:08:17 procs=0 calls=49093 rate=0/h gpu=0 %/0 %/0 %/ ollama={"version":"0.33.2"}
2026-10-01 17:18:17 procs=0 calls=49093 rate=0/h gpu=0 %/0 %/0 %/ ollama={"version":"0.33.2"}
2026-10-01 17:28:17 procs=0 calls=49093 rate=0/h gpu=0 %/0 %/0 %/ ollama={"version":"0.33.2"}
2026-10-01 17:38:18 procs=0 calls=49093 rate=0/h gpu=0 %/0 %/0 %/ ollama={"version":"0.33.2"}
2026-10-01 17:48:18 procs=0 calls=49093 rate=0/h gpu=0 %/0 %/0 %/ ollama={"version":"0.33.2"}
2026-10-01 17:58:18 procs=0 calls=49093 rate=0/h gpu=0 %/0 %/0 %/ ollama={"version":"0.33.2"}
2026-10-01 18:08:19 procs=0 calls=49093 rate=0/h gpu=0 %/0 %/0 %/ ollama={"version":"0.33.2"}
2026-10-01 18:18:19 procs=0 calls=49093 rate=0/h gpu=0 %/0 %/0 %/ ollama={"version":"0.33.2"}
2026-10-01 18:28:20 procs=0 calls=49093 rate=0/h gpu=0 %/0 %/0 %/ ollama={"version":"0.33.2"}
2026-10-01 18:38:20 procs=1 calls=49127 rate=204/h gpu=0 %/35 %/100 %/ ollama={"version":"0.33.2"}
2026-10-01 18:48:20 procs=1 calls=49255 rate=768/h gpu=0 %/100 %/10 %/ ollama={"version":"0.33.2"}
2026-10-01 18:58:20 procs=1 calls=49379 rate=744/h gpu=23 %/7 %/44 %/ ollama={"version":"0.33.2"}
2026-10-01 19:08:21 procs=1 calls=49447 rate=408/h gpu=34 %/31 %/31 %/ ollama={"version":"0.33.2"}
2026-10-01 19:18:21 procs=1 calls=49511 rate=384/h gpu=28 %/29 %/30 %/ ollama={"version":"0.33.2"}
2026-10-01 19:28:21 procs=1 calls=49575 rate=384/h gpu=26 %/26 %/33 %/ ollama={"version":"0.33.2"}
2026-10-01 19:38:22 procs=1 calls=49648 rate=438/h gpu=30 %/7 %/79 %/ ollama={"version":"0.33.2"}
2026-10-01 19:48:22 procs=1 calls=49726 rate=468/h gpu=29 %/33 %/36 %/ ollama={"version":"0.33.2"}
2026-10-01 19:58:23 procs=1 calls=49815 rate=534/h gpu=92 %/0 %/0 %/ ollama={"version":"0.33.2"}
2026-10-01 20:08:23 procs=1 calls=49891 rate=456/h gpu=15 %/11 %/12 %/ ollama={"version":"0.33.2"}
2026-10-01 20:18:23 procs=1 calls=49942 rate=306/h gpu=0 %/0 %/0 %/ ollama={"version":"0.33.2"}
2026-10-01 20:28:24 procs=1 calls=50004 rate=372/h gpu=32 %/35 %/40 %/ ollama={"version":"0.33.2"}
2026-10-01 20:38:24 procs=1 calls=50082 rate=468/h gpu=29 %/28 %/37 %/ ollama={"version":"0.33.2"}
2026-10-01 20:48:24 procs=0 calls=50109 rate=162/h gpu=0 %/0 %/0 %/ ollama={"version":"0.33.2"}
2026-10-01 20:58:25 procs=0 calls=50109 rate=0/h gpu=0 %/0 %/0 %/ ollama={"version":"0.33.2"}
2026-10-01 21:08:25 procs=0 calls=50109 rate=0/h gpu=0 %/0 %/0 %/ ollama={"version":"0.33.2"}
2026-10-01 21:18:25 procs=0 calls=50109 rate=0/h gpu=0 %/0 %/0 %/ ollama={"version":"0.33.2"}
2026-10-01 21:28:26 procs=0 calls=50109 rate=0/h gpu=0 %/0 %/0 %/ ollama={"version":"0.33.2"}
2026-10-01 21:38:26 procs=0 calls=50109 rate=0/h gpu=0 %/0 %/0 %/ ollama={"version":"0.33.2"}
2026-10-01 21:48:26 procs=0 calls=50109 rate=0/h gpu=0 %/0 %/0 %/ ollama={"version":"0.33.2"}
2026-10-01 21:58:27 procs=0 calls=50109 rate=0/h gpu=0 %/0 %/0 %/ ollama={"version":"0.33.2"}
2026-10-01 22:08:27 procs=0 calls=50109 rate=0/h gpu=0 %/0 %/0 %/ ollama={"version":"0.33.2"}
2026-10-01 22:18:27 procs=0 calls=50109 rate=0/h gpu=0 %/0 %/0 %/ ollama={"version":"0.33.2"}
2026-10-01 22:28:28 procs=0 calls=50109 rate=0/h gpu=0 %/0 %/0 %/ ollama={"version":"0.33.2"}
2026-10-01 22:38:28 procs=0 calls=50109 rate=0/h gpu=0 %/0 %/0 %/ ollama={"version":"0.33.2"}
2026-10-01 22:48:29 procs=0 calls=50109 rate=0/h gpu=0 %/0 %/0 %/ ollama={"version":"0.33.2"}
2026-10-01 22:58:29 procs=0 calls=50109 rate=0/h gpu=0 %/0 %/0 %/ ollama={"version":"0.33.2"}
2026-10-01 23:08:29 procs=0 calls=50109 rate=0/h gpu=0 %/0 %/0 %/ ollama={"version":"0.33.2"}
2026-10-01 23:18:30 procs=0 calls=50109 rate=0/h gpu=0 %/0 %/0 %/ ollama={"version":"0.33.2"}
2026-10-01 23:28:30 procs=0 calls=50109 rate=0/h gpu=0 %/0 %/0 %/ ollama={"version":"0.33.2"}
2026-10-01 23:38:30 procs=0 calls=50109 rate=0/h gpu=0 %/0 %/0 %/ ollama={"version":"0.33.2"}
2026-10-01 23:48:31 procs=0 calls=50109 rate=0/h gpu=0 %/0 %/0 %/ ollama={"version":"0.33.2"}
2026-10-01 23:58:31 procs=0 calls=50109 rate=0/h gpu=0 %/0 %/0 %/ ollama={"version":"0.33.2"}
2026-10-02 00:08:32 procs=0 calls=50109 rate=0/h gpu=0 %/0 %/0 %/ ollama={"version":"0.33.2"}
2026-10-02 00:18:32 procs=0 calls=50109 rate=0/h gpu=0 %/0 %/0 %/ ollama={"version":"0.33.2"}
2026-10-02 00:28:32 procs=0 calls=50109 rate=0/h gpu=0 %/0 %/0 %/ ollama={"version":"0.33.2"}
2026-10-02 00:38:33 procs=0 calls=50109 rate=0/h gpu=0 %/0 %/0 %/ ollama={"version":"0.33.2"}
2026-10-02 00:48:33 procs=0 calls=50109 rate=0/h gpu=0 %/0 %/0 %/ ollama={"version":"0.33.2"}
2026-10-02 00:58:33 procs=0 calls=50109 rate=0/h gpu=0 %/0 %/0 %/ ollama={"version":"0.33.2"}
2026-10-02 01:08:34 procs=0 calls=50109 rate=0/h gpu=0 %/0 %/0 %/ ollama={"version":"0.33.2"}
2026-10-02 01:18:34 procs=0 calls=50109 rate=0/h gpu=0 %/0 %/0 %/ ollama={"version":"0.33.2"}
2026-10-02 01:28:35 procs=0 calls=50109 rate=0/h gpu=0 %/0 %/0 %/ ollama={"version":"0.33.2"}
2026-10-02 01:38:35 procs=0 calls=50109 rate=0/h gpu=0 %/0 %/0 %/ ollama={"version":"0.33.2"}
2026-10-02 01:48:35 procs=0 calls=50109 rate=0/h gpu=0 %/0 %/0 %/ ollama={"version":"0.33.2"}
2026-10-02 01:58:36 procs=0 calls=50109 rate=0/h gpu=0 %/0 %/0 %/ ollama={"version":"0.33.2"}
2026-10-02 02:08:36 procs=0 calls=50109 rate=0/h gpu=0 %/0 %/0 %/ ollama={"version":"0.33.2"}
2026-10-02 02:18:36 procs=0 calls=50109 rate=0/h gpu=0 %/0 %/0 %/ ollama={"version":"0.33.2"}
2026-10-02 02:28:37 procs=0 calls=50109 rate=0/h gpu=0 %/0 %/0 %/ ollama={"version":"0.33.2"}
2026-10-02 02:38:37 procs=0 calls=50109 rate=0/h gpu=0 %/0 %/0 %/ ollama={"version":"0.33.2"}
2026-10-02 02:48:37 procs=0 calls=50109 rate=0/h gpu=0 %/0 %/0 %/ ollama={"version":"0.33.2"}
2026-10-02 02:58:38 procs=0 calls=50109 rate=0/h gpu=0 %/0 %/0 %/ ollama={"version":"0.33.2"}
2026-10-02 03:08:38 procs=0 calls=50109 rate=0/h gpu=0 %/0 %/0 %/ ollama={"version":"0.33.2"}
2026-10-02 03:18:38 procs=0 calls=50109 rate=0/h gpu=0 %/0 %/0 %/ ollama={"version":"0.33.2"}
2026-10-02 03:28:39 procs=0 calls=50109 rate=0/h gpu=0 %/0 %/0 %/ ollama={"version":"0.33.2"}
2026-10-02 03:38:39 procs=0 calls=50109 rate=0/h gpu=0 %/0 %/0 %/ ollama={"version":"0.33.2"}
2026-10-02 03:48:39 procs=0 calls=50109 rate=0/h gpu=0 %/0 %/0 %/ ollama={"version":"0.33.2"}
2026-10-02 03:58:40 procs=0 calls=50109 rate=0/h gpu=0 %/0 %/0 %/ ollama={"version":"0.33.2"}
2026-10-02 04:08:40 procs=0 calls=50109 rate=0/h gpu=0 %/0 %/0 %/ ollama={"version":"0.33.2"}
2026-10-02 04:18:40 procs=0 calls=50109 rate=0/h gpu=0 %/0 %/0 %/ ollama={"version":"0.33.2"}
2026-10-02 04:28:41 procs=0 calls=50109 rate=0/h gpu=0 %/0 %/0 %/ ollama={"version":"0.33.2"}
2026-10-02 04:38:41 procs=0 calls=50109 rate=0/h gpu=0 %/0 %/0 %/ ollama={"version":"0.33.2"}
2026-10-02 04:48:41 procs=0 calls=50109 rate=0/h gpu=0 %/0 %/0 %/ ollama={"version":"0.33.2"}
2026-10-02 04:58:42 procs=0 calls=50109 rate=0/h gpu=0 %/0 %/0 %/ ollama={"version":"0.33.2"}
2026-10-02 05:08:42 procs=0 calls=50109 rate=0/h gpu=0 %/0 %/0 %/ ollama={"version":"0.33.2"}
2026-10-02 05:18:43 procs=0 calls=50109 rate=0/h gpu=0 %/0 %/0 %/ ollama={"version":"0.33.2"}
2026-10-02 05:28:43 procs=0 calls=50109 rate=0/h gpu=0 %/0 %/0 %/ ollama={"version":"0.33.2"}
2026-10-02 05:38:43 procs=0 calls=50109 rate=0/h gpu=0 %/0 %/0 %/ ollama={"version":"0.33.2"}
2026-10-02 05:48:44 procs=0 calls=50109 rate=0/h gpu=0 %/0 %/0 %/ ollama={"version":"0.33.2"}
2026-10-02 05:58:44 procs=0 calls=50109 rate=0/h gpu=0 %/0 %/0 %/ ollama={"version":"0.33.2"}
2026-10-02 06:08:44 procs=0 calls=50109 rate=0/h gpu=0 %/0 %/0 %/ ollama={"version":"0.33.2"}
2026-10-02 06:18:45 procs=0 calls=50109 rate=0/h gpu=0 %/0 %/0 %/ ollama={"version":"0.33.2"}
2026-10-02 06:28:45 procs=0 calls=50109 rate=0/h gpu=0 %/0 %/0 %/ ollama={"version":"0.33.2"}
2026-10-02 06:38:45 procs=0 calls=50109 rate=0/h gpu=0 %/0 %/0 %/ ollama={"version":"0.33.2"}
2026-10-02 06:48:46 procs=0 calls=50109 rate=0/h gpu=0 %/0 %/0 %/ ollama={"version":"0.33.2"}
2026-10-02 06:58:46 procs=0 calls=50109 rate=0/h gpu=0 %/0 %/0 %/ ollama={"version":"0.33.2"}
2026-10-02 07:08:47 procs=0 calls=50109 rate=0/h gpu=0 %/0 %/0 %/ ollama={"version":"0.33.2"}
2026-10-02 07:18:47 procs=0 calls=50109 rate=0/h gpu=0 %/0 %/0 %/ ollama={"version":"0.33.2"}
2026-10-02 07:28:47 procs=0 calls=50109 rate=0/h gpu=0 %/0 %/0 %/ ollama={"version":"0.33.2"}
2026-10-02 07:38:48 procs=0 calls=50109 rate=0/h gpu=0 %/0 %/0 %/ ollama={"version":"0.33.2"}
2026-10-02 07:48:48 procs=0 calls=50109 rate=0/h gpu=0 %/0 %/0 %/ ollama={"version":"0.33.2"}
2026-10-02 07:58:48 procs=0 calls=50109 rate=0/h gpu=0 %/0 %/0 %/ ollama={"version":"0.33.2"}
2026-10-02 08:08:49 procs=0 calls=50109 rate=0/h gpu=0 %/0 %/0 %/ ollama={"version":"0.33.2"}
2026-10-02 08:18:49 procs=0 calls=50109 rate=0/h gpu=0 %/0 %/0 %/ ollama={"version":"0.33.2"}
2026-10-02 08:28:49 procs=0 calls=50109 rate=0/h gpu=0 %/0 %/0 %/ ollama={"version":"0.33.2"}
2026-10-02 08:38:50 procs=0 calls=50109 rate=0/h gpu=0 %/0 %/0 %/ ollama={"version":"0.33.2"}
2026-10-02 08:48:50 procs=0 calls=50109 rate=0/h gpu=0 %/0 %/0 %/ ollama={"version":"0.33.2"}
2026-10-02 08:58:51 procs=0 calls=50109 rate=0/h gpu=0 %/0 %/0 %/ ollama={"version":"0.33.2"}
2026-10-02 09:08:51 procs=0 calls=50109 rate=0/h gpu=0 %/0 %/0 %/ ollama={"version":"0.33.2"}
2026-10-02 09:18:51 procs=0 calls=50109 rate=0/h gpu=0 %/0 %/0 %/ ollama={"version":"0.33.2"}
2026-10-02 09:28:52 procs=0 calls=50109 rate=0/h gpu=0 %/0 %/0 %/ ollama={"version":"0.33.2"}
2026-10-02 09:38:52 procs=0 calls=50109 rate=0/h gpu=0 %/0 %/0 %/ ollama={"version":"0.33.2"}
2026-10-02 09:48:52 procs=0 calls=50109 rate=0/h gpu=0 %/0 %/0 %/ ollama={"version":"0.33.2"}
2026-10-02 09:58:53 procs=0 calls=50109 rate=0/h gpu=0 %/0 %/0 %/ ollama={"version":"0.33.2"}
2026-10-02 10:08:53 procs=0 calls=50109 rate=0/h gpu=0 %/0 %/0 %/ ollama={"version":"0.33.2"}
2026-10-02 10:18:53 procs=0 calls=50109 rate=0/h gpu=0 %/0 %/0 %/ ollama={"version":"0.33.2"}
2026-10-02 10:28:54 procs=0 calls=50109 rate=0/h gpu=0 %/0 %/0 %/ ollama={"version":"0.33.2"}
2026-10-02 10:38:54 procs=0 calls=50109 rate=0/h gpu=0 %/0 %/0 %/ ollama={"version":"0.33.2"}
2026-10-02 10:48:55 procs=0 calls=50109 rate=0/h gpu=0 %/0 %/0 %/ ollama={"version":"0.33.2"}
2026-10-02 10:58:55 procs=0 calls=50109 rate=0/h gpu=0 %/0 %/0 %/ ollama={"version":"0.33.2"}
2026-10-02 11:08:55 procs=0 calls=50109 rate=0/h gpu=0 %/0 %/0 %/ ollama={"version":"0.33.2"}
2026-10-02 11:18:56 procs=0 calls=50109 rate=0/h gpu=0 %/0 %/0 %/ ollama={"version":"0.33.2"}
2026-10-02 11:28:56 procs=0 calls=50109 rate=0/h gpu=0 %/0 %/0 %/ ollama={"version":"0.33.2"}
2026-10-02 11:38:56 procs=0 calls=50109 rate=0/h gpu=0 %/0 %/0 %/ ollama={"version":"0.33.2"}
2026-10-02 11:48:57 procs=0 calls=50109 rate=0/h gpu=0 %/0 %/0 %/ ollama={"version":"0.33.2"}
2026-10-02 11:58:57 procs=0 calls=50109 rate=0/h gpu=0 %/0 %/0 %/ ollama={"version":"0.33.2"}
2026-10-02 12:08:57 procs=0 calls=50109 rate=0/h gpu=0 %/0 %/0 %/ ollama={"version":"0.33.2"}
2026-10-02 12:18:58 procs=0 calls=50109 rate=0/h gpu=0 %/0 %/0 %/ ollama={"version":"0.33.2"}
2026-10-02 12:28:58 procs=0 calls=50109 rate=0/h gpu=0 %/0 %/0 %/ ollama={"version":"0.33.2"}
2026-10-02 12:38:58 procs=0 calls=50109 rate=0/h gpu=0 %/0 %/0 %/ ollama={"version":"0.33.2"}
2026-10-02 12:48:59 procs=0 calls=50109 rate=0/h gpu=0 %/0 %/0 %/ ollama={"version":"0.33.2"}
2026-10-02 12:58:59 procs=0 calls=50109 rate=0/h gpu=0 %/0 %/0 %/ ollama={"version":"0.33.2"}
2026-10-02 13:09:00 procs=0 calls=50109 rate=0/h gpu=0 %/0 %/0 %/ ollama={"version":"0.33.2"}
2026-10-02 13:19:00 procs=0 calls=50109 rate=0/h gpu=0 %/0 %/0 %/ ollama={"version":"0.33.2"}
2026-10-02 13:29:00 procs=0 calls=50109 rate=0/h gpu=0 %/0 %/0 %/ ollama={"version":"0.33.2"}
2026-10-02 13:39:01 procs=0 calls=50109 rate=0/h gpu=0 %/0 %/0 %/ ollama={"version":"0.33.2"}
2026-10-02 13:49:01 procs=0 calls=50109 rate=0/h gpu=0 %/0 %/0 %/ ollama={"version":"0.33.2"}
2026-10-02 13:59:01 procs=0 calls=50109 rate=0/h gpu=0 %/0 %/0 %/ ollama={"version":"0.33.2"}
2026-10-02 14:09:02 procs=0 calls=50109 rate=0/h gpu=0 %/0 %/0 %/ ollama={"version":"0.33.2"}
2026-10-02 14:19:02 procs=0 calls=50109 rate=0/h gpu=0 %/0 %/0 %/ ollama={"version":"0.33.2"}
2026-10-02 14:29:03 procs=0 calls=50109 rate=0/h gpu=0 %/0 %/0 %/ ollama={"version":"0.33.2"}
2026-10-02 14:39:03 procs=0 calls=50109 rate=0/h gpu=0 %/0 %/0 %/ ollama={"version":"0.33.2"}
2026-10-02 14:49:03 procs=0 calls=50109 rate=0/h gpu=0 %/0 %/0 %/ ollama={"version":"0.33.2"}
2026-10-02 14:59:04 procs=0 calls=50109 rate=0/h gpu=0 %/0 %/0 %/ ollama={"version":"0.33.2"}
2026-10-02 15:09:04 procs=0 calls=50109 rate=0/h gpu=0 %/0 %/0 %/ ollama={"version":"0.33.2"}
2026-10-02 15:19:05 procs=0 calls=50109 rate=0/h gpu=0 %/0 %/0 %/ ollama={"version":"0.33.2"}
2026-10-02 15:29:05 procs=0 calls=50109 rate=0/h gpu=0 %/0 %/0 %/ ollama={"version":"0.33.2"}
2026-10-02 15:39:05 procs=0 calls=50109 rate=0/h gpu=0 %/0 %/0 %/ ollama={"version":"0.33.2"}
2026-10-02 15:49:06 procs=0 calls=50109 rate=0/h gpu=0 %/0 %/0 %/ ollama={"version":"0.33.2"}
2026-10-02 15:59:06 procs=0 calls=50109 rate=0/h gpu=0 %/0 %/0 %/ ollama={"version":"0.33.2"}
2026-10-02 16:09:06 procs=0 calls=50109 rate=0/h gpu=0 %/0 %/0 %/ ollama={"version":"0.33.2"}
2026-10-02 16:19:07 procs=0 calls=50109 rate=0/h gpu=0 %/0 %/0 %/ ollama={"version":"0.33.2"}
2026-10-02 16:29:07 procs=0 calls=50109 rate=0/h gpu=0 %/0 %/0 %/ ollama={"version":"0.33.2"}
2026-10-02 16:39:08 procs=0 calls=50109 rate=0/h gpu=0 %/0 %/0 %/ ollama={"version":"0.33.2"}
2026-10-02 16:49:08 procs=0 calls=50109 rate=0/h gpu=0 %/0 %/0 %/ ollama={"version":"0.33.2"}
2026-10-02 16:59:08 procs=0 calls=50109 rate=0/h gpu=0 %/0 %/0 %/ ollama={"version":"0.33.2"}
2026-10-02 17:09:09 procs=0 calls=50109 rate=0/h gpu=0 %/0 %/0 %/ ollama={"version":"0.33.2"}
2026-10-02 17:19:09 procs=0 calls=50109 rate=0/h gpu=0 %/0 %/0 %/ ollama={"version":"0.33.2"}
2026-10-02 17:29:09 procs=0 calls=50109 rate=0/h gpu=0 %/0 %/0 %/ ollama={"version":"0.33.2"}
2026-10-02 17:39:10 procs=0 calls=50109 rate=0/h gpu=0 %/0 %/0 %/ ollama={"version":"0.33.2"}
2026-10-02 17:49:10 procs=0 calls=50109 rate=0/h gpu=0 %/0 %/0 %/ ollama={"version":"0.33.2"}
2026-10-02 17:59:11 procs=1 calls=50115 rate=36/h gpu=29 %/27 %/39 %/ ollama={"version":"0.33.2"}
2026-10-02 18:09:11 procs=1 calls=50134 rate=114/h gpu=36 %/27 %/30 %/ ollama={"version":"0.33.2"}
2026-10-02 18:19:11 procs=1 calls=50146 rate=72/h gpu=28 %/28 %/38 %/ ollama={"version":"0.33.2"}
2026-10-02 18:29:12 procs=1 calls=50157 rate=66/h gpu=35 %/30 %/32 %/ ollama={"version":"0.33.2"}
2026-10-02 18:39:12 procs=1 calls=50164 rate=42/h gpu=32 %/32 %/32 %/ ollama={"version":"0.33.2"}
2026-10-02 18:49:12 procs=1 calls=50173 rate=54/h gpu=32 %/30 %/31 %/ ollama={"version":"0.33.2"}
2026-10-02 18:59:13 procs=1 calls=50180 rate=42/h gpu=36 %/33 %/31 %/ ollama={"version":"0.33.2"}
2026-10-02 19:09:13 procs=1 calls=50184 rate=24/h gpu=30 %/33 %/31 %/ ollama={"version":"0.33.2"}
2026-10-02 19:19:13 procs=1 calls=50185 rate=6/h gpu=29 %/31 %/40 %/ ollama={"version":"0.33.2"}
2026-10-02 19:29:14 procs=1 calls=50187 rate=12/h gpu=27 %/34 %/37 %/ ollama={"version":"0.33.2"}
2026-10-02 19:39:14 procs=1 calls=50192 rate=30/h gpu=34 %/28 %/31 %/ ollama={"version":"0.33.2"}
2026-10-02 19:49:14 procs=1 calls=50199 rate=42/h gpu=31 %/28 %/37 %/ ollama={"version":"0.33.2"}
2026-10-02 19:59:15 procs=1 calls=50202 rate=18/h gpu=30 %/36 %/31 %/ ollama={"version":"0.33.2"}
2026-10-02 20:09:15 procs=1 calls=50207 rate=30/h gpu=35 %/28 %/40 %/ ollama={"version":"0.33.2"}
2026-10-02 20:19:15 procs=1 calls=50212 rate=30/h gpu=30 %/35 %/31 %/ ollama={"version":"0.33.2"}
2026-10-02 20:29:16 procs=1 calls=50218 rate=36/h gpu=32 %/36 %/31 %/ ollama={"version":"0.33.2"}
2026-10-02 20:39:16 procs=1 calls=50223 rate=30/h gpu=27 %/36 %/30 %/ ollama={"version":"0.33.2"}
2026-10-02 20:49:16 procs=1 calls=50230 rate=42/h gpu=0 %/100 %/100 %/ ollama={"version":"0.33.2"}
2026-10-02 20:59:17 procs=1 calls=50242 rate=72/h gpu=29 %/29 %/39 %/ ollama={"version":"0.33.2"}
2026-10-02 21:09:17 procs=1 calls=50248 rate=36/h gpu=31 %/33 %/30 %/ ollama={"version":"0.33.2"}
2026-10-02 21:19:17 procs=1 calls=50253 rate=30/h gpu=35 %/29 %/30 %/ ollama={"version":"0.33.2"}
2026-10-02 21:29:18 procs=1 calls=50259 rate=36/h gpu=33 %/27 %/34 %/ ollama={"version":"0.33.2"}
2026-10-02 21:39:18 procs=1 calls=50266 rate=42/h gpu=27 %/31 %/39 %/ ollama={"version":"0.33.2"}
2026-10-02 21:49:18 procs=1 calls=50273 rate=42/h gpu=29 %/27 %/34 %/ ollama={"version":"0.33.2"}
2026-10-02 21:59:19 procs=1 calls=50280 rate=42/h gpu=32 %/32 %/33 %/ ollama={"version":"0.33.2"}
2026-10-02 22:09:19 procs=1 calls=50286 rate=36/h gpu=29 %/27 %/31 %/ ollama={"version":"0.33.2"}
2026-10-02 22:19:19 procs=1 calls=50290 rate=24/h gpu=36 %/32 %/35 %/ ollama={"version":"0.33.2"}
2026-10-02 22:29:20 procs=1 calls=50295 rate=30/h gpu=0 %/100 %/51 %/ ollama={"version":"0.33.2"}
2026-10-02 22:39:20 procs=1 calls=50302 rate=42/h gpu=26 %/27 %/30 %/ ollama={"version":"0.33.2"}
2026-10-02 22:49:20 procs=1 calls=50307 rate=30/h gpu=0 %/100 %/0 %/ ollama={"version":"0.33.2"}
2026-10-02 22:59:21 procs=1 calls=50310 rate=18/h gpu=28 %/27 %/30 %/ ollama={"version":"0.33.2"}
2026-10-02 23:09:21 procs=1 calls=50315 rate=30/h gpu=28 %/29 %/30 %/ ollama={"version":"0.33.2"}
2026-10-02 23:19:21 procs=1 calls=50321 rate=36/h gpu=0 %/0 %/100 %/ ollama={"version":"0.33.2"}
2026-10-02 23:29:22 procs=1 calls=50329 rate=48/h gpu=32 %/31 %/30 %/ ollama={"version":"0.33.2"}
2026-10-02 23:39:22 procs=1 calls=50332 rate=18/h gpu=26 %/27 %/32 %/ ollama={"version":"0.33.2"}
2026-10-02 23:49:22 procs=1 calls=50335 rate=18/h gpu=0 %/50 %/43 %/ ollama={"version":"0.33.2"}
2026-10-02 23:59:23 procs=1 calls=50338 rate=18/h gpu=36 %/33 %/30 %/ ollama={"version":"0.33.2"}
2026-10-03 00:09:23 procs=1 calls=50343 rate=30/h gpu=30 %/32 %/34 %/ ollama={"version":"0.33.2"}
2026-10-03 00:19:23 procs=1 calls=50349 rate=36/h gpu=29 %/27 %/40 %/ ollama={"version":"0.33.2"}
2026-10-03 00:29:24 procs=1 calls=50356 rate=42/h gpu=28 %/27 %/37 %/ ollama={"version":"0.33.2"}
2026-10-03 00:39:24 procs=1 calls=50363 rate=42/h gpu=35 %/28 %/38 %/ ollama={"version":"0.33.2"}
2026-10-03 00:49:24 procs=1 calls=50369 rate=36/h gpu=35 %/29 %/32 %/ ollama={"version":"0.33.2"}
2026-10-03 00:59:25 procs=1 calls=50378 rate=54/h gpu=31 %/35 %/30 %/ ollama={"version":"0.33.2"}
2026-10-03 01:09:25 procs=1 calls=50384 rate=36/h gpu=100 %/0 %/0 %/ ollama={"version":"0.33.2"}
2026-10-03 01:19:25 procs=1 calls=50393 rate=54/h gpu=67 %/0 %/3 %/ ollama={"version":"0.33.2"}
2026-10-03 01:29:26 procs=1 calls=50401 rate=48/h gpu=0 %/0 %/0 %/ ollama={"version":"0.33.2"}
2026-10-03 01:39:26 procs=1 calls=50403 rate=12/h gpu=0 %/0 %/100 %/ ollama={"version":"0.33.2"}
2026-10-03 01:49:26 procs=1 calls=50407 rate=24/h gpu=0 %/0 %/0 %/ ollama={"version":"0.33.2"}
2026-10-03 01:59:27 procs=1 calls=50413 rate=36/h gpu=0 %/0 %/100 %/ ollama={"version":"0.33.2"}
2026-10-03 02:09:27 procs=1 calls=50427 rate=84/h gpu=29 %/36 %/40 %/ ollama={"version":"0.33.2"}
2026-10-03 02:19:27 procs=1 calls=50436 rate=54/h gpu=33 %/27 %/33 %/ ollama={"version":"0.33.2"}
2026-10-03 02:29:28 procs=1 calls=50443 rate=42/h gpu=36 %/27 %/30 %/ ollama={"version":"0.33.2"}
2026-10-03 02:39:28 procs=1 calls=50446 rate=18/h gpu=35 %/27 %/32 %/ ollama={"version":"0.33.2"}
2026-10-03 02:49:28 procs=1 calls=50450 rate=24/h gpu=29 %/26 %/30 %/ ollama={"version":"0.33.2"}
2026-10-03 02:59:29 procs=1 calls=50456 rate=36/h gpu=28 %/36 %/33 %/ ollama={"version":"0.33.2"}
2026-10-03 03:09:29 procs=1 calls=50464 rate=48/h gpu=34 %/26 %/32 %/ ollama={"version":"0.33.2"}
2026-10-03 03:19:29 procs=1 calls=50467 rate=18/h gpu=29 %/36 %/36 %/ ollama={"version":"0.33.2"}
2026-10-03 03:29:30 procs=1 calls=50472 rate=30/h gpu=29 %/27 %/35 %/ ollama={"version":"0.33.2"}
2026-10-03 03:39:30 procs=1 calls=50485 rate=78/h gpu=32 %/27 %/34 %/ ollama={"version":"0.33.2"}
2026-10-03 03:49:30 procs=1 calls=50494 rate=54/h gpu=28 %/28 %/30 %/ ollama={"version":"0.33.2"}
2026-10-03 03:59:31 procs=1 calls=50500 rate=36/h gpu=28 %/34 %/30 %/ ollama={"version":"0.33.2"}
2026-10-03 04:09:31 procs=1 calls=50502 rate=12/h gpu=34 %/28 %/34 %/ ollama={"version":"0.33.2"}
2026-10-03 04:19:31 procs=1 calls=50506 rate=24/h gpu=33 %/35 %/30 %/ ollama={"version":"0.33.2"}
2026-10-03 04:29:32 procs=1 calls=50515 rate=54/h gpu=35 %/36 %/30 %/ ollama={"version":"0.33.2"}
2026-10-03 04:39:32 procs=1 calls=50518 rate=18/h gpu=29 %/27 %/39 %/ ollama={"version":"0.33.2"}
2026-10-03 04:49:32 procs=1 calls=50524 rate=36/h gpu=28 %/36 %/30 %/ ollama={"version":"0.33.2"}
2026-10-03 04:59:33 procs=1 calls=50529 rate=30/h gpu=82 %/53 %/0 %/ ollama={"version":"0.33.2"}
2026-10-03 05:09:33 procs=1 calls=50531 rate=12/h gpu=34 %/35 %/31 %/ ollama={"version":"0.33.2"}
2026-10-03 05:19:33 procs=1 calls=50540 rate=54/h gpu=29 %/27 %/33 %/ ollama={"version":"0.33.2"}
2026-10-03 05:29:34 procs=1 calls=50545 rate=30/h gpu=35 %/36 %/32 %/ ollama={"version":"0.33.2"}
2026-10-03 05:39:34 procs=1 calls=50550 rate=30/h gpu=35 %/34 %/33 %/ ollama={"version":"0.33.2"}
2026-10-03 05:49:34 procs=1 calls=50551 rate=6/h gpu=29 %/33 %/33 %/ ollama={"version":"0.33.2"}
2026-10-03 05:59:35 procs=1 calls=50555 rate=24/h gpu=30 %/31 %/33 %/ ollama={"version":"0.33.2"}
2026-10-03 06:09:35 procs=1 calls=50560 rate=30/h gpu=34 %/36 %/39 %/ ollama={"version":"0.33.2"}
2026-10-03 06:19:36 procs=1 calls=50566 rate=36/h gpu=19 %/22 %/27 %/ ollama={"version":"0.33.2"}
2026-10-03 06:29:36 procs=1 calls=50570 rate=24/h gpu=27 %/27 %/32 %/ ollama={"version":"0.33.2"}
2026-10-03 06:39:36 procs=1 calls=50573 rate=18/h gpu=0 %/100 %/0 %/ ollama={"version":"0.33.2"}
2026-10-03 06:49:37 procs=1 calls=50576 rate=18/h gpu=0 %/100 %/12 %/ ollama={"version":"0.33.2"}
2026-10-03 06:59:37 procs=1 calls=50581 rate=30/h gpu=0 %/0 %/0 %/ ollama={"version":"0.33.2"}
2026-10-03 07:09:37 procs=1 calls=50587 rate=36/h gpu=28 %/30 %/31 %/ ollama={"version":"0.33.2"}
2026-10-03 07:19:38 procs=1 calls=50593 rate=36/h gpu=32 %/31 %/39 %/ ollama={"version":"0.33.2"}
2026-10-03 07:29:38 procs=1 calls=50596 rate=18/h gpu=28 %/28 %/31 %/ ollama={"version":"0.33.2"}
2026-10-03 07:39:38 procs=1 calls=50601 rate=30/h gpu=30 %/27 %/39 %/ ollama={"version":"0.33.2"}
2026-10-03 07:49:39 procs=1 calls=50607 rate=36/h gpu=33 %/28 %/31 %/ ollama={"version":"0.33.2"}
2026-10-03 07:59:39 procs=1 calls=50613 rate=36/h gpu=33 %/27 %/31 %/ ollama={"version":"0.33.2"}
2026-10-03 08:09:39 procs=1 calls=50627 rate=84/h gpu=35 %/36 %/31 %/ ollama={"version":"0.33.2"}
2026-10-03 08:19:40 procs=1 calls=50637 rate=60/h gpu=29 %/27 %/33 %/ ollama={"version":"0.33.2"}
2026-10-03 08:29:40 procs=1 calls=50651 rate=84/h gpu=30 %/28 %/38 %/ ollama={"version":"0.33.2"}
2026-10-03 08:39:40 procs=1 calls=50658 rate=42/h gpu=36 %/28 %/31 %/ ollama={"version":"0.33.2"}
2026-10-03 08:49:41 procs=1 calls=50663 rate=30/h gpu=31 %/27 %/40 %/ ollama={"version":"0.33.2"}
2026-10-03 08:59:41 procs=1 calls=50672 rate=54/h gpu=28 %/36 %/36 %/ ollama={"version":"0.33.2"}
2026-10-03 09:09:41 procs=1 calls=50680 rate=48/h gpu=30 %/27 %/37 %/ ollama={"version":"0.33.2"}
2026-10-03 09:19:42 procs=1 calls=50680 rate=0/h gpu=29 %/31 %/31 %/ ollama={"version":"0.33.2"}  <-- STALLED: process alive, zero calls in 10 min
2026-10-03 09:29:42 procs=1 calls=50684 rate=24/h gpu=34 %/36 %/36 %/ ollama={"version":"0.33.2"}
2026-10-03 09:39:42 procs=1 calls=50689 rate=30/h gpu=33 %/27 %/35 %/ ollama={"version":"0.33.2"}
2026-10-03 09:49:43 procs=1 calls=50689 rate=0/h gpu=35 %/28 %/36 %/ ollama={"version":"0.33.2"}  <-- STALLED: process alive, zero calls in 10 min
2026-10-03 09:59:43 procs=1 calls=50691 rate=12/h gpu=31 %/35 %/30 %/ ollama={"version":"0.33.2"}
2026-10-03 10:09:43 procs=1 calls=50692 rate=6/h gpu=30 %/26 %/33 %/ ollama={"version":"0.33.2"}
2026-10-03 10:19:44 procs=1 calls=50698 rate=36/h gpu=0 %/0 %/91 %/ ollama={"version":"0.33.2"}
2026-10-03 10:29:44 procs=1 calls=50705 rate=42/h gpu=34 %/27 %/35 %/ ollama={"version":"0.33.2"}
2026-10-03 10:39:44 procs=1 calls=50708 rate=18/h gpu=30 %/27 %/32 %/ ollama={"version":"0.33.2"}
2026-10-03 10:49:45 procs=1 calls=50711 rate=18/h gpu=27 %/26 %/29 %/ ollama={"version":"0.33.2"}
2026-10-03 10:59:45 procs=1 calls=50714 rate=18/h gpu=32 %/32 %/41 %/ ollama={"version":"0.33.2"}
2026-10-03 11:09:45 procs=1 calls=50721 rate=42/h gpu=28 %/36 %/36 %/ ollama={"version":"0.33.2"}
2026-10-03 11:19:46 procs=1 calls=50726 rate=30/h gpu=36 %/27 %/31 %/ ollama={"version":"0.33.2"}
2026-10-03 11:29:46 procs=1 calls=50731 rate=30/h gpu=35 %/27 %/38 %/ ollama={"version":"0.33.2"}
2026-10-03 11:39:46 procs=1 calls=50735 rate=24/h gpu=32 %/29 %/33 %/ ollama={"version":"0.33.2"}
2026-10-03 11:49:47 procs=1 calls=50737 rate=12/h gpu=27 %/31 %/34 %/ ollama={"version":"0.33.2"}
2026-10-03 11:59:47 procs=1 calls=50744 rate=42/h gpu=32 %/32 %/33 %/ ollama={"version":"0.33.2"}
2026-10-03 12:09:47 procs=1 calls=50748 rate=24/h gpu=31 %/35 %/33 %/ ollama={"version":"0.33.2"}
2026-10-03 12:19:48 procs=1 calls=50756 rate=48/h gpu=31 %/33 %/40 %/ ollama={"version":"0.33.2"}
2026-10-03 12:29:48 procs=1 calls=50764 rate=48/h gpu=100 %/36 %/0 %/ ollama={"version":"0.33.2"}
2026-10-03 12:39:49 procs=1 calls=50767 rate=18/h gpu=0 %/0 %/0 %/ ollama={"version":"0.33.2"}
2026-10-03 12:49:49 procs=1 calls=50771 rate=24/h gpu=0 %/100 %/0 %/ ollama={"version":"0.33.2"}
2026-10-03 12:59:49 procs=1 calls=50774 rate=18/h gpu=0 %/0 %/100 %/ ollama={"version":"0.33.2"}
2026-10-03 13:09:50 procs=1 calls=50779 rate=30/h gpu=13 %/0 %/0 %/ ollama={"version":"0.33.2"}
2026-10-03 13:19:50 procs=1 calls=50783 rate=24/h gpu=35 %/28 %/30 %/ ollama={"version":"0.33.2"}
2026-10-03 13:29:50 procs=1 calls=50791 rate=48/h gpu=28 %/28 %/36 %/ ollama={"version":"0.33.2"}
2026-10-03 13:39:51 procs=1 calls=50794 rate=18/h gpu=31 %/31 %/41 %/ ollama={"version":"0.33.2"}
2026-10-03 13:49:51 procs=1 calls=50802 rate=48/h gpu=28 %/27 %/32 %/ ollama={"version":"0.33.2"}
2026-10-03 13:59:51 procs=1 calls=50805 rate=18/h gpu=33 %/36 %/32 %/ ollama={"version":"0.33.2"}
2026-10-03 14:09:52 procs=1 calls=50807 rate=12/h gpu=33 %/35 %/30 %/ ollama={"version":"0.33.2"}
2026-10-03 14:19:52 procs=1 calls=50810 rate=18/h gpu=28 %/32 %/30 %/ ollama={"version":"0.33.2"}
2026-10-03 14:29:52 procs=1 calls=50815 rate=30/h gpu=28 %/27 %/33 %/ ollama={"version":"0.33.2"}
2026-10-03 14:39:53 procs=1 calls=50818 rate=18/h gpu=35 %/27 %/31 %/ ollama={"version":"0.33.2"}
2026-10-03 14:49:53 procs=1 calls=50828 rate=60/h gpu=29 %/28 %/30 %/ ollama={"version":"0.33.2"}
2026-10-03 14:59:53 procs=1 calls=50836 rate=48/h gpu=29 %/28 %/35 %/ ollama={"version":"0.33.2"}
2026-10-03 15:09:54 procs=1 calls=50841 rate=30/h gpu=29 %/27 %/30 %/ ollama={"version":"0.33.2"}
2026-10-03 15:19:54 procs=1 calls=50843 rate=12/h gpu=35 %/34 %/39 %/ ollama={"version":"0.33.2"}
2026-10-03 15:29:54 procs=1 calls=50848 rate=30/h gpu=35 %/33 %/36 %/ ollama={"version":"0.33.2"}
2026-10-03 15:39:55 procs=1 calls=50852 rate=24/h gpu=34 %/36 %/37 %/ ollama={"version":"0.33.2"}
2026-10-03 15:49:55 procs=1 calls=50854 rate=12/h gpu=34 %/33 %/33 %/ ollama={"version":"0.33.2"}
2026-10-03 15:59:55 procs=1 calls=50857 rate=18/h gpu=29 %/35 %/34 %/ ollama={"version":"0.33.2"}
2026-10-03 16:09:56 procs=1 calls=50871 rate=84/h gpu=35 %/27 %/30 %/ ollama={"version":"0.33.2"}
2026-10-03 16:19:56 procs=1 calls=50883 rate=72/h gpu=29 %/36 %/34 %/ ollama={"version":"0.33.2"}
2026-10-03 16:29:56 procs=1 calls=50887 rate=24/h gpu=33 %/27 %/30 %/ ollama={"version":"0.33.2"}
2026-10-03 16:39:57 procs=1 calls=50889 rate=12/h gpu=35 %/27 %/33 %/ ollama={"version":"0.33.2"}
2026-10-03 16:49:57 procs=1 calls=50895 rate=36/h gpu=29 %/32 %/30 %/ ollama={"version":"0.33.2"}
2026-10-03 16:59:57 procs=1 calls=50900 rate=30/h gpu=30 %/33 %/31 %/ ollama={"version":"0.33.2"}
2026-10-03 17:09:58 procs=1 calls=50904 rate=24/h gpu=27 %/35 %/31 %/ ollama={"version":"0.33.2"}
2026-10-03 17:19:58 procs=1 calls=50910 rate=36/h gpu=36 %/27 %/38 %/ ollama={"version":"0.33.2"}
2026-10-03 17:29:58 procs=1 calls=50918 rate=48/h gpu=28 %/32 %/39 %/ ollama={"version":"0.33.2"}
2026-10-03 17:39:59 procs=1 calls=50924 rate=36/h gpu=36 %/27 %/35 %/ ollama={"version":"0.33.2"}
2026-10-03 17:49:59 procs=1 calls=50931 rate=42/h gpu=28 %/33 %/31 %/ ollama={"version":"0.33.2"}
2026-10-03 18:00:00 procs=1 calls=50941 rate=60/h gpu=29 %/29 %/30 %/ ollama={"version":"0.33.2"}
2026-10-03 18:10:00 procs=1 calls=50945 rate=24/h gpu=29 %/31 %/31 %/ ollama={"version":"0.33.2"}
2026-10-03 18:20:00 procs=1 calls=50953 rate=48/h gpu=32 %/32 %/32 %/ ollama={"version":"0.33.2"}
2026-10-03 18:30:01 procs=1 calls=50961 rate=48/h gpu=29 %/27 %/31 %/ ollama={"version":"0.33.2"}
2026-10-03 18:40:01 procs=1 calls=50969 rate=48/h gpu=30 %/35 %/30 %/ ollama={"version":"0.33.2"}
2026-10-03 18:50:01 procs=1 calls=50978 rate=54/h gpu=32 %/35 %/40 %/ ollama={"version":"0.33.2"}
2026-10-03 19:00:02 procs=1 calls=50986 rate=48/h gpu=32 %/27 %/31 %/ ollama={"version":"0.33.2"}
2026-10-03 19:10:02 procs=1 calls=50996 rate=60/h gpu=29 %/36 %/33 %/ ollama={"version":"0.33.2"}
2026-10-03 19:20:02 procs=1 calls=51001 rate=30/h gpu=27 %/33 %/33 %/ ollama={"version":"0.33.2"}
2026-10-03 19:30:03 procs=1 calls=51004 rate=18/h gpu=28 %/34 %/39 %/ ollama={"version":"0.33.2"}
2026-10-03 19:40:03 procs=1 calls=51004 rate=0/h gpu=30 %/36 %/33 %/ ollama={"version":"0.33.2"}  <-- STALLED: process alive, zero calls in 10 min
2026-10-03 19:50:04 procs=1 calls=51004 rate=0/h gpu=30 %/30 %/35 %/ ollama={"version":"0.33.2"}  <-- STALLED: process alive, zero calls in 10 min
2026-10-03 20:00:04 procs=1 calls=51005 rate=6/h gpu=27 %/28 %/32 %/ ollama={"version":"0.33.2"}
2026-10-03 20:10:04 procs=1 calls=51007 rate=12/h gpu=33 %/28 %/32 %/ ollama={"version":"0.33.2"}
2026-10-03 20:20:05 procs=1 calls=51010 rate=18/h gpu=31 %/36 %/30 %/ ollama={"version":"0.33.2"}
2026-10-03 20:30:05 procs=1 calls=51015 rate=30/h gpu=28 %/26 %/32 %/ ollama={"version":"0.33.2"}
2026-10-03 20:40:05 procs=1 calls=51025 rate=60/h gpu=26 %/27 %/31 %/ ollama={"version":"0.33.2"}
2026-10-03 20:50:06 procs=1 calls=51038 rate=78/h gpu=28 %/27 %/39 %/ ollama={"version":"0.33.2"}
2026-10-03 21:00:06 procs=1 calls=51044 rate=36/h gpu=29 %/27 %/35 %/ ollama={"version":"0.33.2"}
2026-10-03 21:10:06 procs=1 calls=51048 rate=24/h gpu=30 %/27 %/31 %/ ollama={"version":"0.33.2"}
2026-10-03 21:20:07 procs=1 calls=51051 rate=18/h gpu=34 %/31 %/31 %/ ollama={"version":"0.33.2"}
2026-10-03 21:30:07 procs=1 calls=51054 rate=18/h gpu=33 %/34 %/31 %/ ollama={"version":"0.33.2"}
2026-10-03 21:40:08 procs=1 calls=51058 rate=24/h gpu=31 %/28 %/37 %/ ollama={"version":"0.33.2"}
2026-10-03 21:50:08 procs=1 calls=51061 rate=18/h gpu=26 %/27 %/40 %/ ollama={"version":"0.33.2"}
2026-10-03 22:00:08 procs=1 calls=51066 rate=30/h gpu=26 %/27 %/38 %/ ollama={"version":"0.33.2"}
2026-10-03 22:10:09 procs=1 calls=51072 rate=36/h gpu=29 %/27 %/31 %/ ollama={"version":"0.33.2"}
2026-10-03 22:20:09 procs=1 calls=51077 rate=30/h gpu=27 %/27 %/31 %/ ollama={"version":"0.33.2"}
2026-10-03 22:30:09 procs=1 calls=51083 rate=36/h gpu=31 %/33 %/36 %/ ollama={"version":"0.33.2"}
2026-10-03 22:40:10 procs=1 calls=51092 rate=54/h gpu=26 %/27 %/33 %/ ollama={"version":"0.33.2"}
2026-10-03 22:50:10 procs=1 calls=51099 rate=42/h gpu=33 %/35 %/33 %/ ollama={"version":"0.33.2"}
2026-10-03 23:00:10 procs=1 calls=51102 rate=18/h gpu=33 %/27 %/34 %/ ollama={"version":"0.33.2"}
2026-10-03 23:10:11 procs=1 calls=51104 rate=12/h gpu=29 %/27 %/35 %/ ollama={"version":"0.33.2"}
2026-10-03 23:20:11 procs=1 calls=51106 rate=12/h gpu=33 %/27 %/30 %/ ollama={"version":"0.33.2"}
2026-10-03 23:30:11 procs=1 calls=51110 rate=24/h gpu=33 %/27 %/37 %/ ollama={"version":"0.33.2"}
2026-10-03 23:40:12 procs=1 calls=51119 rate=54/h gpu=28 %/36 %/37 %/ ollama={"version":"0.33.2"}
2026-10-03 23:50:12 procs=1 calls=51128 rate=54/h gpu=31 %/27 %/33 %/ ollama={"version":"0.33.2"}
2026-10-04 00:00:12 procs=1 calls=51134 rate=36/h gpu=29 %/33 %/38 %/ ollama={"version":"0.33.2"}
2026-10-04 00:10:13 procs=1 calls=51137 rate=18/h gpu=31 %/27 %/35 %/ ollama={"version":"0.33.2"}
2026-10-04 00:20:13 procs=1 calls=51142 rate=30/h gpu=29 %/28 %/40 %/ ollama={"version":"0.33.2"}
2026-10-04 00:30:13 procs=1 calls=51147 rate=30/h gpu=31 %/28 %/41 %/ ollama={"version":"0.33.2"}
2026-10-04 00:40:14 procs=1 calls=51155 rate=48/h gpu=28 %/27 %/36 %/ ollama={"version":"0.33.2"}
2026-10-04 00:50:14 procs=1 calls=51161 rate=36/h gpu=29 %/33 %/34 %/ ollama={"version":"0.33.2"}
2026-10-04 01:00:14 procs=1 calls=51169 rate=48/h gpu=29 %/30 %/31 %/ ollama={"version":"0.33.2"}
2026-10-04 01:10:15 procs=1 calls=51180 rate=66/h gpu=30 %/28 %/34 %/ ollama={"version":"0.33.2"}
2026-10-04 01:20:15 procs=1 calls=51221 rate=246/h gpu=35 %/27 %/36 %/ ollama={"version":"0.33.2"}
2026-10-04 01:30:15 procs=1 calls=51287 rate=396/h gpu=37 %/92 %/0 %/ ollama={"version":"0.33.2"}
2026-10-04 01:40:16 procs=1 calls=51348 rate=366/h gpu=28 %/33 %/31 %/ ollama={"version":"0.33.2"}
2026-10-04 01:50:16 procs=1 calls=51412 rate=384/h gpu=27 %/27 %/31 %/ ollama={"version":"0.33.2"}
2026-10-04 02:00:16 procs=1 calls=51465 rate=318/h gpu=33 %/27 %/30 %/ ollama={"version":"0.33.2"}
2026-10-04 02:10:17 procs=1 calls=51512 rate=282/h gpu=36 %/31 %/30 %/ ollama={"version":"0.33.2"}
2026-10-04 02:20:17 procs=1 calls=51566 rate=324/h gpu=0 %/100 %/0 %/ ollama={"version":"0.33.2"}
2026-10-04 02:30:17 procs=1 calls=51616 rate=300/h gpu=0 %/0 %/0 %/ ollama={"version":"0.33.2"}
2026-10-04 02:40:18 procs=1 calls=51661 rate=270/h gpu=27 %/31 %/35 %/ ollama={"version":"0.33.2"}
2026-10-04 02:50:18 procs=1 calls=51701 rate=240/h gpu=0 %/0 %/100 %/ ollama={"version":"0.33.2"}
2026-10-04 03:00:18 procs=1 calls=51755 rate=324/h gpu=28 %/27 %/30 %/ ollama={"version":"0.33.2"}
2026-10-04 03:10:19 procs=1 calls=51812 rate=342/h gpu=36 %/27 %/30 %/ ollama={"version":"0.33.2"}
2026-10-04 03:20:19 procs=1 calls=51869 rate=342/h gpu=26 %/18 %/20 %/ ollama={"version":"0.33.2"}
2026-10-04 03:30:19 procs=1 calls=51925 rate=336/h gpu=37 %/36 %/34 %/ ollama={"version":"0.33.2"}
2026-10-04 03:40:20 procs=1 calls=51958 rate=198/h gpu=29 %/35 %/33 %/ ollama={"version":"0.33.2"}
2026-10-04 03:50:20 procs=1 calls=52007 rate=294/h gpu=27 %/27 %/37 %/ ollama={"version":"0.33.2"}
2026-10-04 04:00:20 procs=1 calls=52072 rate=390/h gpu=32 %/27 %/34 %/ ollama={"version":"0.33.2"}
2026-10-04 04:10:21 procs=1 calls=52128 rate=336/h gpu=35 %/92 %/40 %/ ollama={"version":"0.33.2"}
2026-10-04 04:20:21 procs=1 calls=52185 rate=342/h gpu=29 %/30 %/31 %/ ollama={"version":"0.33.2"}
2026-10-04 04:30:22 procs=1 calls=52257 rate=432/h gpu=66 %/100 %/21 %/ ollama={"version":"0.33.2"}
2026-10-04 04:40:22 procs=1 calls=52332 rate=450/h gpu=43 %/100 %/32 %/ ollama={"version":"0.33.2"}
2026-10-04 04:50:22 procs=1 calls=52399 rate=402/h gpu=38 %/33 %/36 %/ ollama={"version":"0.33.2"}
2026-10-04 05:00:23 procs=1 calls=52445 rate=276/h gpu=27 %/29 %/30 %/ ollama={"version":"0.33.2"}
2026-10-04 05:10:23 procs=1 calls=52483 rate=228/h gpu=26 %/29 %/39 %/ ollama={"version":"0.33.2"}
2026-10-04 05:20:23 procs=1 calls=52508 rate=150/h gpu=28 %/30 %/30 %/ ollama={"version":"0.33.2"}
2026-10-04 05:30:24 procs=1 calls=52584 rate=456/h gpu=100 %/49 %/100 %/ ollama={"version":"0.33.2"}
2026-10-04 05:40:24 procs=1 calls=52643 rate=354/h gpu=0 %/100 %/0 %/ ollama={"version":"0.33.2"}
2026-10-04 05:50:24 procs=1 calls=52698 rate=330/h gpu=29 %/31 %/31 %/ ollama={"version":"0.33.2"}
2026-10-04 06:00:25 procs=1 calls=52742 rate=264/h gpu=33 %/27 %/30 %/ ollama={"version":"0.33.2"}
2026-10-04 06:10:25 procs=1 calls=52786 rate=264/h gpu=0 %/100 %/86 %/ ollama={"version":"0.33.2"}
2026-10-04 06:20:25 procs=1 calls=52843 rate=342/h gpu=33 %/33 %/39 %/ ollama={"version":"0.33.2"}
2026-10-04 06:30:26 procs=1 calls=52879 rate=216/h gpu=29 %/28 %/39 %/ ollama={"version":"0.33.2"}
2026-10-04 06:40:26 procs=1 calls=52934 rate=330/h gpu=35 %/27 %/30 %/ ollama={"version":"0.33.2"}
2026-10-04 06:50:26 procs=1 calls=52989 rate=330/h gpu=34 %/30 %/36 %/ ollama={"version":"0.33.2"}
2026-10-04 07:00:27 procs=1 calls=53037 rate=288/h gpu=28 %/36 %/30 %/ ollama={"version":"0.33.2"}
2026-10-04 07:10:27 procs=1 calls=53070 rate=198/h gpu=0 %/100 %/0 %/ ollama={"version":"0.33.2"}
2026-10-04 07:20:28 procs=1 calls=53132 rate=372/h gpu=0 %/0 %/100 %/ ollama={"version":"0.33.2"}
2026-10-04 07:30:28 procs=1 calls=53175 rate=258/h gpu=30 %/28 %/38 %/ ollama={"version":"0.33.2"}
2026-10-04 07:40:28 procs=1 calls=53223 rate=288/h gpu=28 %/31 %/41 %/ ollama={"version":"0.33.2"}
2026-10-04 07:50:29 procs=1 calls=53279 rate=336/h gpu=32 %/28 %/31 %/ ollama={"version":"0.33.2"}
2026-10-04 08:00:29 procs=1 calls=53315 rate=216/h gpu=33 %/36 %/32 %/ ollama={"version":"0.33.2"}
2026-10-04 08:10:29 procs=1 calls=53371 rate=336/h gpu=32 %/27 %/38 %/ ollama={"version":"0.33.2"}
2026-10-04 08:20:30 procs=1 calls=53438 rate=402/h gpu=0 %/0 %/100 %/ ollama={"version":"0.33.2"}
2026-10-04 08:30:30 procs=1 calls=53502 rate=384/h gpu=27 %/30 %/34 %/ ollama={"version":"0.33.2"}
2026-10-04 08:40:30 procs=1 calls=53578 rate=456/h gpu=31 %/32 %/31 %/ ollama={"version":"0.33.2"}
2026-10-04 08:50:31 procs=1 calls=53640 rate=372/h gpu=0 %/100 %/100 %/ ollama={"version":"0.33.2"}
2026-10-04 09:00:31 procs=1 calls=53674 rate=204/h gpu=35 %/27 %/39 %/ ollama={"version":"0.33.2"}
2026-10-04 09:10:31 procs=1 calls=53739 rate=390/h gpu=26 %/31 %/30 %/ ollama={"version":"0.33.2"}
2026-10-04 09:20:32 procs=1 calls=53776 rate=222/h gpu=0 %/100 %/89 %/ ollama={"version":"0.33.2"}
2026-10-04 09:30:32 procs=1 calls=53832 rate=336/h gpu=0 %/19 %/100 %/ ollama={"version":"0.33.2"}
2026-10-04 09:40:32 procs=1 calls=53905 rate=438/h gpu=34 %/27 %/30 %/ ollama={"version":"0.33.2"}
2026-10-04 09:50:33 procs=1 calls=53958 rate=318/h gpu=0 %/0 %/0 %/ ollama={"version":"0.33.2"}
2026-10-04 10:00:33 procs=1 calls=54015 rate=342/h gpu=100 %/0 %/0 %/ ollama={"version":"0.33.2"}
2026-10-04 10:10:33 procs=1 calls=54056 rate=246/h gpu=36 %/27 %/40 %/ ollama={"version":"0.33.2"}
2026-10-04 10:20:34 procs=1 calls=54104 rate=288/h gpu=29 %/30 %/30 %/ ollama={"version":"0.33.2"}
2026-10-04 10:30:34 procs=1 calls=54151 rate=282/h gpu=36 %/27 %/39 %/ ollama={"version":"0.33.2"}
2026-10-04 10:40:35 procs=1 calls=54199 rate=288/h gpu=27 %/36 %/30 %/ ollama={"version":"0.33.2"}
2026-10-04 10:50:35 procs=1 calls=54239 rate=240/h gpu=29 %/28 %/31 %/ ollama={"version":"0.33.2"}
2026-10-04 11:00:35 procs=1 calls=54294 rate=330/h gpu=0 %/0 %/0 %/ ollama={"version":"0.33.2"}
2026-10-04 11:10:36 procs=1 calls=54325 rate=186/h gpu=100 %/0 %/100 %/ ollama={"version":"0.33.2"}
2026-10-04 11:20:36 procs=1 calls=54379 rate=324/h gpu=0 %/0 %/0 %/ ollama={"version":"0.33.2"}
2026-10-04 11:30:36 procs=1 calls=54439 rate=360/h gpu=34 %/32 %/32 %/ ollama={"version":"0.33.2"}
2026-10-04 11:40:37 procs=1 calls=54508 rate=414/h gpu=0 %/6 %/74 %/ ollama={"version":"0.33.2"}
2026-10-04 11:50:37 procs=1 calls=54557 rate=294/h gpu=33 %/31 %/31 %/ ollama={"version":"0.33.2"}
2026-10-04 12:00:37 procs=1 calls=54594 rate=222/h gpu=37 %/32 %/30 %/ ollama={"version":"0.33.2"}
2026-10-04 12:10:38 procs=1 calls=54666 rate=432/h gpu=100 %/100 %/0 %/ ollama={"version":"0.33.2"}
2026-10-04 12:20:38 procs=1 calls=54737 rate=426/h gpu=33 %/28 %/38 %/ ollama={"version":"0.33.2"}
2026-10-04 12:30:38 procs=1 calls=54780 rate=258/h gpu=32 %/27 %/31 %/ ollama={"version":"0.33.2"}
2026-10-04 12:40:39 procs=1 calls=54844 rate=384/h gpu=28 %/26 %/30 %/ ollama={"version":"0.33.2"}
2026-10-04 12:50:39 procs=1 calls=54924 rate=480/h gpu=33 %/34 %/40 %/ ollama={"version":"0.33.2"}
2026-10-04 13:00:39 procs=0 calls=54972 rate=288/h gpu=0 %/0 %/0 %/ ollama={"version":"0.33.2"}
2026-10-04 13:10:40 procs=0 calls=54972 rate=0/h gpu=0 %/0 %/0 %/ ollama={"version":"0.33.2"}
2026-10-04 13:20:40 procs=0 calls=54972 rate=0/h gpu=0 %/0 %/0 %/ ollama={"version":"0.33.2"}
2026-10-04 13:30:41 procs=0 calls=54972 rate=0/h gpu=0 %/0 %/0 %/ ollama={"version":"0.33.2"}
2026-10-04 13:40:41 procs=0 calls=54972 rate=0/h gpu=0 %/0 %/0 %/ ollama={"version":"0.33.2"}
2026-10-04 13:50:41 procs=0 calls=54972 rate=0/h gpu=0 %/0 %/0 %/ ollama={"version":"0.33.2"}
2026-10-04 14:00:42 procs=0 calls=54972 rate=0/h gpu=0 %/0 %/0 %/ ollama={"version":"0.33.2"}
2026-10-04 14:10:42 procs=0 calls=54972 rate=0/h gpu=0 %/0 %/0 %/ ollama={"version":"0.33.2"}
2026-10-04 14:20:43 procs=0 calls=54972 rate=0/h gpu=0 %/0 %/0 %/ ollama={"version":"0.33.2"}
2026-10-04 14:30:43 procs=0 calls=54972 rate=0/h gpu=0 %/0 %/0 %/ ollama={"version":"0.33.2"}
2026-10-04 14:40:44 procs=0 calls=54972 rate=0/h gpu=0 %/0 %/0 %/ ollama={"version":"0.33.2"}
2026-10-04 14:50:44 procs=0 calls=54972 rate=0/h gpu=0 %/0 %/0 %/ ollama={"version":"0.33.2"}
2026-10-04 15:00:44 procs=0 calls=54972 rate=0/h gpu=0 %/0 %/0 %/ ollama={"version":"0.33.2"}
2026-10-04 15:10:45 procs=0 calls=54972 rate=0/h gpu=0 %/0 %/0 %/ ollama={"version":"0.33.2"}
2026-10-04 15:20:45 procs=0 calls=54972 rate=0/h gpu=0 %/0 %/0 %/ ollama={"version":"0.33.2"}
2026-10-04 15:30:45 procs=0 calls=54972 rate=0/h gpu=0 %/0 %/0 %/ ollama={"version":"0.33.2"}
2026-10-04 15:40:46 procs=0 calls=54972 rate=0/h gpu=0 %/0 %/0 %/ ollama={"version":"0.33.2"}
2026-10-04 15:50:46 procs=0 calls=54972 rate=0/h gpu=0 %/0 %/0 %/ ollama={"version":"0.33.2"}
2026-10-04 16:00:46 procs=0 calls=54972 rate=0/h gpu=0 %/0 %/0 %/ ollama={"version":"0.33.2"}
2026-10-04 16:10:47 procs=0 calls=54972 rate=0/h gpu=0 %/0 %/0 %/ ollama={"version":"0.33.2"}
2026-10-04 16:20:47 procs=0 calls=54972 rate=0/h gpu=0 %/0 %/0 %/ ollama={"version":"0.33.2"}
2026-10-04 16:30:48 procs=0 calls=54972 rate=0/h gpu=0 %/0 %/0 %/ ollama={"version":"0.33.2"}
2026-10-04 16:40:48 procs=0 calls=54972 rate=0/h gpu=0 %/0 %/0 %/ ollama={"version":"0.33.2"}
2026-10-04 16:50:48 procs=0 calls=54972 rate=0/h gpu=0 %/0 %/0 %/ ollama={"version":"0.33.2"}
2026-10-04 17:00:49 procs=0 calls=54972 rate=0/h gpu=0 %/0 %/0 %/ ollama={"version":"0.33.2"}
2026-10-04 17:10:49 procs=0 calls=54972 rate=0/h gpu=0 %/0 %/0 %/ ollama={"version":"0.33.2"}
2026-10-04 17:20:50 procs=0 calls=54972 rate=0/h gpu=0 %/0 %/0 %/ ollama={"version":"0.33.2"}
2026-10-04 17:30:50 procs=0 calls=54972 rate=0/h gpu=0 %/0 %/0 %/ ollama={"version":"0.33.2"}
2026-10-04 17:40:50 procs=0 calls=54972 rate=0/h gpu=0 %/0 %/0 %/ ollama={"version":"0.33.2"}
2026-10-04 17:50:51 procs=0 calls=54972 rate=0/h gpu=0 %/0 %/0 %/ ollama={"version":"0.33.2"}
2026-10-04 18:00:51 procs=0 calls=54972 rate=0/h gpu=0 %/0 %/0 %/ ollama={"version":"0.33.2"}
2026-10-04 18:10:52 procs=0 calls=54972 rate=0/h gpu=0 %/0 %/0 %/ ollama={"version":"0.33.2"}
2026-10-04 18:20:52 procs=0 calls=54972 rate=0/h gpu=0 %/0 %/0 %/ ollama={"version":"0.33.2"}
2026-10-04 18:30:52 procs=0 calls=54972 rate=0/h gpu=0 %/0 %/0 %/ ollama={"version":"0.33.2"}
2026-10-04 18:40:53 procs=0 calls=54972 rate=0/h gpu=0 %/0 %/0 %/ ollama={"version":"0.33.2"}
2026-10-04 18:50:53 procs=0 calls=54972 rate=0/h gpu=0 %/0 %/0 %/ ollama={"version":"0.33.2"}
2026-10-04 19:00:53 procs=0 calls=54972 rate=0/h gpu=0 %/0 %/0 %/ ollama={"version":"0.33.2"}
2026-10-04 19:10:54 procs=0 calls=54972 rate=0/h gpu=0 %/0 %/0 %/ ollama={"version":"0.33.2"}
2026-10-04 19:20:54 procs=0 calls=54972 rate=0/h gpu=0 %/0 %/0 %/ ollama={"version":"0.33.2"}
2026-10-04 19:30:55 procs=0 calls=54972 rate=0/h gpu=0 %/0 %/0 %/ ollama={"version":"0.33.2"}
2026-10-04 19:40:55 procs=0 calls=54972 rate=0/h gpu=0 %/0 %/0 %/ ollama={"version":"0.33.2"}
2026-10-04 19:50:55 procs=0 calls=54972 rate=0/h gpu=0 %/0 %/0 %/ ollama={"version":"0.33.2"}
2026-10-04 20:00:56 procs=0 calls=54972 rate=0/h gpu=0 %/0 %/0 %/ ollama={"version":"0.33.2"}
2026-10-04 20:10:56 procs=0 calls=54972 rate=0/h gpu=0 %/0 %/0 %/ ollama={"version":"0.33.2"}
2026-10-04 20:20:56 procs=1 calls=54976 rate=24/h gpu=36 %/27 %/35 %/ ollama={"version":"0.33.2"}
2026-10-04 20:30:57 procs=1 calls=55022 rate=276/h gpu=33 %/34 %/37 %/ ollama={"version":"0.33.2"}
2026-10-04 20:40:57 procs=1 calls=55059 rate=222/h gpu=29 %/29 %/30 %/ ollama={"version":"0.33.2"}
2026-10-04 20:50:57 procs=1 calls=55109 rate=300/h gpu=29 %/27 %/35 %/ ollama={"version":"0.33.2"}
2026-10-04 21:00:58 procs=1 calls=55175 rate=396/h gpu=0 %/100 %/0 %/ ollama={"version":"0.33.2"}
2026-10-04 21:10:58 procs=1 calls=55237 rate=372/h gpu=33 %/34 %/31 %/ ollama={"version":"0.33.2"}
2026-10-04 21:20:59 procs=1 calls=55282 rate=270/h gpu=28 %/27 %/32 %/ ollama={"version":"0.33.2"}
2026-10-04 21:30:59 procs=1 calls=55326 rate=264/h gpu=28 %/35 %/32 %/ ollama={"version":"0.33.2"}
2026-10-04 21:40:59 procs=1 calls=55383 rate=342/h gpu=31 %/35 %/30 %/ ollama={"version":"0.33.2"}
2026-10-04 21:51:00 procs=1 calls=55427 rate=264/h gpu=34 %/28 %/30 %/ ollama={"version":"0.33.2"}
2026-10-04 22:01:00 procs=1 calls=55475 rate=288/h gpu=29 %/27 %/31 %/ ollama={"version":"0.33.2"}
2026-10-04 22:11:00 procs=1 calls=55521 rate=276/h gpu=28 %/29 %/39 %/ ollama={"version":"0.33.2"}
2026-10-04 22:21:01 procs=1 calls=55576 rate=330/h gpu=42 %/7 %/16 %/ ollama={"version":"0.33.2"}
2026-10-04 22:31:01 procs=1 calls=55611 rate=210/h gpu=29 %/27 %/30 %/ ollama={"version":"0.33.2"}
2026-10-04 22:41:01 procs=1 calls=55671 rate=360/h gpu=32 %/27 %/39 %/ ollama={"version":"0.33.2"}
2026-10-04 22:51:02 procs=1 calls=55723 rate=312/h gpu=38 %/36 %/40 %/ ollama={"version":"0.33.2"}
2026-10-04 23:01:02 procs=1 calls=55766 rate=258/h gpu=100 %/78 %/0 %/ ollama={"version":"0.33.2"}
2026-10-04 23:11:03 procs=1 calls=55821 rate=330/h gpu=0 %/100 %/0 %/ ollama={"version":"0.33.2"}
2026-10-04 23:21:03 procs=1 calls=55860 rate=234/h gpu=10 %/14 %/10 %/ ollama={"version":"0.33.2"}
2026-10-04 23:31:03 procs=1 calls=55901 rate=246/h gpu=0 %/3 %/100 %/ ollama={"version":"0.33.2"}
2026-10-04 23:41:04 procs=1 calls=55962 rate=366/h gpu=27 %/27 %/39 %/ ollama={"version":"0.33.2"}
2026-10-04 23:51:04 procs=1 calls=56028 rate=396/h gpu=51 %/100 %/100 %/ ollama={"version":"0.33.2"}
2026-10-05 00:01:04 procs=1 calls=56104 rate=456/h gpu=29 %/30 %/34 %/ ollama={"version":"0.33.2"}
2026-10-05 00:11:05 procs=1 calls=56171 rate=402/h gpu=0 %/0 %/0 %/ ollama={"version":"0.33.2"}
2026-10-05 00:21:05 procs=1 calls=56211 rate=240/h gpu=29 %/27 %/31 %/ ollama={"version":"0.33.2"}
2026-10-05 00:31:06 procs=1 calls=56273 rate=372/h gpu=25 %/27 %/30 %/ ollama={"version":"0.33.2"}
2026-10-05 00:41:06 procs=1 calls=56317 rate=264/h gpu=29 %/27 %/31 %/ ollama={"version":"0.33.2"}
2026-10-05 00:51:06 procs=1 calls=56372 rate=330/h gpu=78 %/0 %/7 %/ ollama={"version":"0.33.2"}
2026-10-05 01:01:07 procs=1 calls=56431 rate=354/h gpu=0 %/0 %/100 %/ ollama={"version":"0.33.2"}
2026-10-05 01:11:07 procs=1 calls=56489 rate=348/h gpu=31 %/27 %/35 %/ ollama={"version":"0.33.2"}
2026-10-05 01:21:07 procs=1 calls=56545 rate=336/h gpu=26 %/33 %/30 %/ ollama={"version":"0.33.2"}
2026-10-05 01:31:08 procs=1 calls=56602 rate=342/h gpu=27 %/29 %/32 %/ ollama={"version":"0.33.2"}
2026-10-05 01:41:08 procs=1 calls=56641 rate=234/h gpu=32 %/30 %/35 %/ ollama={"version":"0.33.2"}
2026-10-05 01:51:08 procs=1 calls=56690 rate=294/h gpu=34 %/29 %/34 %/ ollama={"version":"0.33.2"}
2026-10-05 02:01:09 procs=1 calls=56733 rate=258/h gpu=6 %/7 %/96 %/ ollama={"version":"0.33.2"}
2026-10-05 02:11:09 procs=1 calls=56783 rate=300/h gpu=35 %/27 %/32 %/ ollama={"version":"0.33.2"}
2026-10-05 02:21:10 procs=1 calls=56829 rate=276/h gpu=28 %/35 %/37 %/ ollama={"version":"0.33.2"}
2026-10-05 02:31:10 procs=1 calls=56871 rate=252/h gpu=28 %/36 %/35 %/ ollama={"version":"0.33.2"}
2026-10-05 02:41:10 procs=1 calls=56902 rate=186/h gpu=29 %/30 %/38 %/ ollama={"version":"0.33.2"}
2026-10-05 02:51:11 procs=1 calls=56978 rate=456/h gpu=0 %/100 %/7 %/ ollama={"version":"0.33.2"}
2026-10-05 03:01:11 procs=1 calls=57038 rate=360/h gpu=34 %/27 %/30 %/ ollama={"version":"0.33.2"}
2026-10-05 03:11:11 procs=1 calls=57100 rate=372/h gpu=33 %/27 %/30 %/ ollama={"version":"0.33.2"}
2026-10-05 03:21:12 procs=1 calls=57140 rate=240/h gpu=30 %/27 %/33 %/ ollama={"version":"0.33.2"}
2026-10-05 03:31:12 procs=1 calls=57195 rate=330/h gpu=27 %/33 %/30 %/ ollama={"version":"0.33.2"}
2026-10-05 03:41:12 procs=1 calls=57270 rate=450/h gpu=30 %/28 %/30 %/ ollama={"version":"0.33.2"}
2026-10-05 03:51:13 procs=1 calls=57317 rate=282/h gpu=0 %/0 %/0 %/ ollama={"version":"0.33.2"}
2026-10-05 04:01:13 procs=1 calls=57382 rate=390/h gpu=0 %/0 %/100 %/ ollama={"version":"0.33.2"}
2026-10-05 04:11:14 procs=1 calls=57451 rate=414/h gpu=12 %/15 %/7 %/ ollama={"version":"0.33.2"}
2026-10-05 04:21:14 procs=1 calls=57508 rate=342/h gpu=100 %/5 %/100 %/ ollama={"version":"0.33.2"}
2026-10-05 04:31:14 procs=0 calls=57529 rate=126/h gpu=0 %/0 %/0 %/ ollama={"version":"0.33.2"}
2026-10-05 04:41:15 procs=0 calls=57529 rate=0/h gpu=0 %/0 %/0 %/ ollama={"version":"0.33.2"}
2026-10-05 04:51:15 procs=0 calls=57529 rate=0/h gpu=0 %/0 %/0 %/ ollama={"version":"0.33.2"}
2026-10-05 05:01:16 procs=0 calls=57529 rate=0/h gpu=0 %/0 %/0 %/ ollama={"version":"0.33.2"}
2026-10-05 05:11:16 procs=0 calls=57529 rate=0/h gpu=0 %/0 %/0 %/ ollama={"version":"0.33.2"}
2026-10-05 05:21:16 procs=0 calls=57529 rate=0/h gpu=0 %/0 %/0 %/ ollama={"version":"0.33.2"}
2026-10-05 05:31:17 procs=0 calls=57529 rate=0/h gpu=0 %/0 %/0 %/ ollama={"version":"0.33.2"}
2026-10-05 05:41:17 procs=0 calls=57529 rate=0/h gpu=0 %/0 %/0 %/ ollama={"version":"0.33.2"}
2026-10-05 05:51:17 procs=0 calls=57529 rate=0/h gpu=0 %/0 %/0 %/ ollama={"version":"0.33.2"}
2026-10-05 06:01:18 procs=0 calls=57529 rate=0/h gpu=0 %/0 %/0 %/ ollama={"version":"0.33.2"}
2026-10-05 06:11:18 procs=0 calls=57529 rate=0/h gpu=0 %/0 %/0 %/ ollama={"version":"0.33.2"}
2026-10-05 06:21:18 procs=0 calls=57529 rate=0/h gpu=0 %/0 %/0 %/ ollama={"version":"0.33.2"}
2026-10-05 06:31:19 procs=0 calls=57529 rate=0/h gpu=0 %/0 %/0 %/ ollama={"version":"0.33.2"}
2026-10-05 06:41:19 procs=0 calls=57529 rate=0/h gpu=0 %/0 %/0 %/ ollama={"version":"0.33.2"}
2026-10-05 06:51:20 procs=0 calls=57529 rate=0/h gpu=0 %/0 %/0 %/ ollama={"version":"0.33.2"}
2026-10-05 07:01:20 procs=0 calls=57529 rate=0/h gpu=0 %/0 %/0 %/ ollama={"version":"0.33.2"}
2026-10-05 07:11:20 procs=0 calls=57529 rate=0/h gpu=0 %/0 %/0 %/ ollama={"version":"0.33.2"}
2026-10-05 07:21:21 procs=0 calls=57529 rate=0/h gpu=0 %/0 %/0 %/ ollama={"version":"0.33.2"}
2026-10-05 07:31:21 procs=0 calls=57529 rate=0/h gpu=0 %/0 %/0 %/ ollama={"version":"0.33.2"}
2026-10-05 07:41:22 procs=0 calls=57529 rate=0/h gpu=0 %/0 %/0 %/ ollama={"version":"0.33.2"}
2026-10-05 07:51:22 procs=0 calls=57529 rate=0/h gpu=0 %/0 %/0 %/ ollama={"version":"0.33.2"}
2026-10-05 08:01:22 procs=0 calls=57529 rate=0/h gpu=0 %/0 %/0 %/ ollama={"version":"0.33.2"}
2026-10-05 08:11:23 procs=0 calls=57529 rate=0/h gpu=0 %/0 %/0 %/ ollama={"version":"0.33.2"}
2026-10-05 08:21:23 procs=0 calls=57529 rate=0/h gpu=0 %/0 %/0 %/ ollama={"version":"0.33.2"}
2026-10-05 08:31:24 procs=0 calls=57529 rate=0/h gpu=0 %/0 %/0 %/ ollama={"version":"0.33.2"}
2026-10-05 08:41:24 procs=0 calls=57529 rate=0/h gpu=0 %/0 %/0 %/ ollama={"version":"0.33.2"}
2026-10-05 08:51:24 procs=0 calls=57529 rate=0/h gpu=0 %/0 %/0 %/ ollama={"version":"0.33.2"}
2026-10-05 09:01:25 procs=0 calls=57529 rate=0/h gpu=0 %/0 %/0 %/ ollama={"version":"0.33.2"}
2026-10-05 09:11:25 procs=0 calls=57529 rate=0/h gpu=0 %/0 %/0 %/ ollama={"version":"0.33.2"}
2026-10-05 09:21:26 procs=0 calls=57529 rate=0/h gpu=0 %/0 %/0 %/ ollama={"version":"0.33.2"}
2026-10-05 09:31:26 procs=0 calls=57529 rate=0/h gpu=0 %/0 %/0 %/ ollama={"version":"0.33.2"}
2026-10-05 09:41:26 procs=0 calls=57529 rate=0/h gpu=0 %/0 %/0 %/ ollama={"version":"0.33.2"}
2026-10-05 09:51:27 procs=0 calls=57529 rate=0/h gpu=0 %/0 %/0 %/ ollama={"version":"0.33.2"}
2026-10-05 10:01:27 procs=0 calls=57529 rate=0/h gpu=0 %/0 %/0 %/ ollama={"version":"0.33.2"}
2026-10-05 10:11:28 procs=0 calls=57529 rate=0/h gpu=0 %/0 %/0 %/ ollama={"version":"0.33.2"}
2026-10-05 10:21:28 procs=0 calls=57529 rate=0/h gpu=0 %/0 %/0 %/ ollama={"version":"0.33.2"}
2026-10-05 10:31:28 procs=0 calls=57529 rate=0/h gpu=0 %/0 %/0 %/ ollama={"version":"0.33.2"}
2026-10-05 10:41:29 procs=0 calls=57529 rate=0/h gpu=0 %/0 %/0 %/ ollama={"version":"0.33.2"}
2026-10-05 10:51:29 procs=0 calls=57529 rate=0/h gpu=0 %/0 %/0 %/ ollama={"version":"0.33.2"}
2026-10-05 11:01:30 procs=0 calls=57529 rate=0/h gpu=0 %/0 %/0 %/ ollama={"version":"0.33.2"}
2026-10-05 11:11:30 procs=0 calls=57529 rate=0/h gpu=0 %/0 %/0 %/ ollama={"version":"0.33.2"}
2026-10-05 11:21:30 procs=0 calls=57529 rate=0/h gpu=0 %/0 %/0 %/ ollama={"version":"0.33.2"}
2026-10-05 11:31:31 procs=0 calls=57529 rate=0/h gpu=0 %/0 %/0 %/ ollama={"version":"0.33.2"}
2026-10-05 11:41:31 procs=0 calls=57529 rate=0/h gpu=0 %/0 %/0 %/ ollama={"version":"0.33.2"}
2026-10-05 11:51:32 procs=0 calls=57529 rate=0/h gpu=0 %/0 %/0 %/ ollama={"version":"0.33.2"}
2026-10-05 12:01:32 procs=0 calls=57529 rate=0/h gpu=0 %/0 %/0 %/ ollama={"version":"0.33.2"}
2026-10-05 12:11:33 procs=0 calls=57529 rate=0/h gpu=0 %/0 %/0 %/ ollama={"version":"0.33.2"}
2026-10-05 12:21:33 procs=0 calls=57529 rate=0/h gpu=0 %/0 %/0 %/ ollama={"version":"0.33.2"}
2026-10-05 12:31:33 procs=0 calls=57529 rate=0/h gpu=0 %/0 %/0 %/ ollama={"version":"0.33.2"}
2026-10-05 12:41:34 procs=0 calls=57529 rate=0/h gpu=0 %/0 %/0 %/ ollama={"version":"0.33.2"}
2026-10-05 12:51:34 procs=0 calls=57529 rate=0/h gpu=0 %/0 %/0 %/ ollama={"version":"0.33.2"}
2026-10-05 13:01:35 procs=0 calls=57529 rate=0/h gpu=0 %/0 %/0 %/ ollama={"version":"0.33.2"}
2026-10-05 13:11:35 procs=0 calls=57529 rate=0/h gpu=0 %/0 %/0 %/ ollama={"version":"0.33.2"}
2026-10-05 13:21:35 procs=0 calls=57529 rate=0/h gpu=0 %/0 %/0 %/ ollama={"version":"0.33.2"}
2026-10-05 13:31:36 procs=0 calls=57529 rate=0/h gpu=0 %/0 %/0 %/ ollama={"version":"0.33.2"}
2026-10-05 13:41:36 procs=0 calls=57529 rate=0/h gpu=0 %/0 %/0 %/ ollama={"version":"0.33.2"}
2026-10-05 13:51:37 procs=0 calls=57529 rate=0/h gpu=0 %/0 %/0 %/ ollama={"version":"0.33.2"}
2026-10-05 14:01:37 procs=0 calls=57529 rate=0/h gpu=0 %/0 %/0 %/ ollama={"version":"0.33.2"}
2026-10-05 14:11:38 procs=0 calls=57529 rate=0/h gpu=0 %/0 %/0 %/ ollama={"version":"0.33.2"}
2026-10-05 14:21:38 procs=0 calls=57529 rate=0/h gpu=0 %/0 %/0 %/ ollama={"version":"0.33.2"}
2026-10-05 14:31:38 procs=0 calls=57529 rate=0/h gpu=0 %/0 %/0 %/ ollama={"version":"0.33.2"}
2026-10-05 14:41:39 procs=0 calls=57529 rate=0/h gpu=0 %/0 %/0 %/ ollama={"version":"0.33.2"}
2026-10-05 14:51:39 procs=0 calls=57529 rate=0/h gpu=0 %/0 %/0 %/ ollama={"version":"0.33.2"}
2026-10-05 15:01:40 procs=0 calls=57529 rate=0/h gpu=0 %/0 %/0 %/ ollama={"version":"0.33.2"}
2026-10-05 15:11:40 procs=0 calls=57529 rate=0/h gpu=0 %/0 %/0 %/ ollama={"version":"0.33.2"}
2026-10-05 15:21:40 procs=0 calls=57529 rate=0/h gpu=0 %/0 %/0 %/ ollama={"version":"0.33.2"}
2026-10-05 15:31:41 procs=1 calls=57529 rate=0/h gpu=28 %/35 %/38 %/ ollama={"version":"0.33.2"}  <-- STALLED: process alive, zero calls in 10 min
2026-10-05 15:41:41 procs=1 calls=57552 rate=138/h gpu=0 %/0 %/0 %/ ollama={"version":"0.33.2"}
2026-10-05 15:51:41 procs=1 calls=57650 rate=588/h gpu=21 %/22 %/61 %/ ollama={"version":"0.33.2"}
2026-10-05 16:01:42 procs=1 calls=57751 rate=606/h gpu=0 %/41 %/64 %/ ollama={"version":"0.33.2"}
2026-10-05 16:11:43 procs=1 calls=57839 rate=528/h gpu=33 %/32 %/37 %/ ollama={"version":"0.33.2"}
2026-10-05 16:21:43 procs=1 calls=57941 rate=612/h gpu=0 %/0 %/70 %/ ollama={"version":"0.33.2"}
2026-10-05 16:31:43 procs=1 calls=58018 rate=462/h gpu=29 %/27 %/40 %/ ollama={"version":"0.33.2"}
2026-10-05 16:41:44 procs=1 calls=58113 rate=570/h gpu=0 %/11 %/82 %/ ollama={"version":"0.33.2"}
2026-10-05 16:51:44 procs=1 calls=58200 rate=522/h gpu=32 %/27 %/30 %/ ollama={"version":"0.33.2"}
2026-10-05 17:01:44 procs=1 calls=58297 rate=582/h gpu=100 %/0 %/0 %/ ollama={"version":"0.33.2"}
2026-10-05 17:11:45 procs=1 calls=58397 rate=600/h gpu=100 %/10 %/0 %/ ollama={"version":"0.33.2"}
2026-10-05 17:21:45 procs=1 calls=58494 rate=582/h gpu=0 %/100 %/0 %/ ollama={"version":"0.33.2"}
2026-10-05 17:31:46 procs=1 calls=58593 rate=594/h gpu=29 %/34 %/31 %/ ollama={"version":"0.33.2"}
2026-10-05 17:41:46 procs=1 calls=58689 rate=576/h gpu=27 %/34 %/40 %/ ollama={"version":"0.33.2"}
2026-10-05 17:51:46 procs=1 calls=58783 rate=564/h gpu=78 %/0 %/0 %/ ollama={"version":"0.33.2"}
2026-10-05 18:01:47 procs=1 calls=58882 rate=594/h gpu=29 %/32 %/30 %/ ollama={"version":"0.33.2"}
2026-10-05 18:11:47 procs=1 calls=58987 rate=630/h gpu=29 %/35 %/40 %/ ollama={"version":"0.33.2"}
2026-10-05 18:21:47 procs=1 calls=59077 rate=540/h gpu=0 %/99 %/56 %/ ollama={"version":"0.33.2"}
2026-10-05 18:31:48 procs=1 calls=59170 rate=558/h gpu=34 %/27 %/39 %/ ollama={"version":"0.33.2"}
2026-10-05 18:41:48 procs=1 calls=59277 rate=642/h gpu=100 %/0 %/0 %/ ollama={"version":"0.33.2"}
2026-10-05 18:51:49 procs=1 calls=59384 rate=642/h gpu=0 %/71 %/47 %/ ollama={"version":"0.33.2"}
2026-10-05 19:01:49 procs=1 calls=59448 rate=384/h gpu=0 %/100 %/0 %/ ollama={"version":"0.33.2"}
2026-10-05 19:11:49 procs=1 calls=59506 rate=348/h gpu=100 %/0 %/0 %/ ollama={"version":"0.33.2"}
2026-10-05 19:21:50 procs=1 calls=59529 rate=138/h gpu=30 %/27 %/34 %/ ollama={"version":"0.33.2"}
2026-10-05 19:31:50 procs=1 calls=59578 rate=294/h gpu=68 %/83 %/47 %/ ollama={"version":"0.33.2"}
2026-10-05 19:41:50 procs=1 calls=59631 rate=318/h gpu=100 %/76 %/65 %/ ollama={"version":"0.33.2"}
2026-10-05 19:51:51 procs=1 calls=59706 rate=450/h gpu=0 %/0 %/0 %/ ollama={"version":"0.33.2"}
2026-10-05 20:01:51 procs=1 calls=59751 rate=270/h gpu=32 %/33 %/30 %/ ollama={"version":"0.33.2"}
2026-10-05 20:11:52 procs=1 calls=59799 rate=288/h gpu=35 %/36 %/30 %/ ollama={"version":"0.33.2"}
2026-10-05 20:21:52 procs=1 calls=59860 rate=366/h gpu=36 %/34 %/30 %/ ollama={"version":"0.33.2"}
2026-10-05 20:31:52 procs=1 calls=59929 rate=414/h gpu=28 %/27 %/30 %/ ollama={"version":"0.33.2"}
2026-10-05 20:41:53 procs=1 calls=59998 rate=414/h gpu=23 %/22 %/22 %/ ollama={"version":"0.33.2"}
2026-10-05 20:51:53 procs=1 calls=60057 rate=354/h gpu=35 %/35 %/39 %/ ollama={"version":"0.33.2"}
2026-10-05 21:01:53 procs=1 calls=60112 rate=330/h gpu=15 %/17 %/15 %/ ollama={"version":"0.33.2"}
2026-10-05 21:11:54 procs=1 calls=60150 rate=228/h gpu=100 %/100 %/49 %/ ollama={"version":"0.33.2"}
2026-10-05 21:21:54 procs=1 calls=60214 rate=384/h gpu=35 %/34 %/38 %/ ollama={"version":"0.33.2"}
2026-10-05 21:31:55 procs=1 calls=60256 rate=252/h gpu=100 %/0 %/0 %/ ollama={"version":"0.33.2"}
2026-10-05 21:41:55 procs=1 calls=60320 rate=384/h gpu=0 %/46 %/67 %/ ollama={"version":"0.33.2"}
2026-10-05 21:51:55 procs=1 calls=60352 rate=192/h gpu=100 %/18 %/20 %/ ollama={"version":"0.33.2"}
2026-10-05 22:01:56 procs=1 calls=60400 rate=288/h gpu=27 %/30 %/40 %/ ollama={"version":"0.33.2"}
2026-10-05 22:11:56 procs=1 calls=60453 rate=318/h gpu=29 %/27 %/31 %/ ollama={"version":"0.33.2"}
2026-10-05 22:21:56 procs=1 calls=60513 rate=360/h gpu=28 %/27 %/36 %/ ollama={"version":"0.33.2"}
2026-10-05 22:31:57 procs=1 calls=60568 rate=330/h gpu=100 %/100 %/0 %/ ollama={"version":"0.33.2"}
2026-10-05 22:41:57 procs=1 calls=60615 rate=282/h gpu=99 %/100 %/97 %/ ollama={"version":"0.33.2"}
2026-10-05 22:51:57 procs=1 calls=60661 rate=276/h gpu=61 %/58 %/0 %/ ollama={"version":"0.33.2"}
2026-10-05 23:01:58 procs=1 calls=60717 rate=336/h gpu=83 %/36 %/0 %/ ollama={"version":"0.33.2"}
2026-10-05 23:11:58 procs=1 calls=60783 rate=396/h gpu=0 %/100 %/100 %/ ollama={"version":"0.33.2"}
2026-10-05 23:21:59 procs=1 calls=60845 rate=372/h gpu=0 %/78 %/53 %/ ollama={"version":"0.33.2"}
2026-10-05 23:31:59 procs=1 calls=60919 rate=444/h gpu=36 %/33 %/30 %/ ollama={"version":"0.33.2"}
2026-10-05 23:41:59 procs=1 calls=60966 rate=282/h gpu=0 %/33 %/1 %/ ollama={"version":"0.33.2"}
2026-10-05 23:52:00 procs=1 calls=61031 rate=390/h gpu=29 %/27 %/31 %/ ollama={"version":"0.33.2"}
2026-10-06 00:02:00 procs=0 calls=61086 rate=330/h gpu=0 %/0 %/0 %/ ollama={"version":"0.33.2"}
2026-10-06 00:12:00 procs=0 calls=61086 rate=0/h gpu=0 %/0 %/0 %/ ollama={"version":"0.33.2"}
2026-10-06 00:22:01 procs=0 calls=61086 rate=0/h gpu=0 %/0 %/0 %/ ollama={"version":"0.33.2"}
2026-10-06 00:32:01 procs=0 calls=61086 rate=0/h gpu=0 %/0 %/0 %/ ollama={"version":"0.33.2"}
2026-10-06 00:42:02 procs=0 calls=61086 rate=0/h gpu=0 %/0 %/0 %/ ollama={"version":"0.33.2"}
2026-10-06 00:52:02 procs=0 calls=61086 rate=0/h gpu=0 %/0 %/0 %/ ollama={"version":"0.33.2"}
2026-10-06 01:02:02 procs=0 calls=61086 rate=0/h gpu=0 %/0 %/0 %/ ollama={"version":"0.33.2"}
2026-10-06 01:12:03 procs=0 calls=61086 rate=0/h gpu=0 %/0 %/0 %/ ollama={"version":"0.33.2"}
2026-10-06 01:22:03 procs=0 calls=61086 rate=0/h gpu=0 %/0 %/0 %/ ollama={"version":"0.33.2"}
2026-10-06 01:32:04 procs=0 calls=61086 rate=0/h gpu=0 %/0 %/0 %/ ollama={"version":"0.33.2"}
2026-10-06 01:42:04 procs=0 calls=61086 rate=0/h gpu=0 %/0 %/0 %/ ollama={"version":"0.33.2"}
2026-10-06 01:52:04 procs=0 calls=61086 rate=0/h gpu=0 %/0 %/0 %/ ollama={"version":"0.33.2"}
2026-10-06 02:02:05 procs=0 calls=61086 rate=0/h gpu=0 %/0 %/0 %/ ollama={"version":"0.33.2"}
2026-10-06 02:12:05 procs=0 calls=61086 rate=0/h gpu=0 %/0 %/0 %/ ollama={"version":"0.33.2"}
2026-10-06 02:22:06 procs=0 calls=61086 rate=0/h gpu=0 %/0 %/0 %/ ollama={"version":"0.33.2"}
2026-10-06 02:32:06 procs=0 calls=61086 rate=0/h gpu=0 %/0 %/0 %/ ollama={"version":"0.33.2"}
2026-10-06 02:42:06 procs=0 calls=61086 rate=0/h gpu=0 %/0 %/0 %/ ollama={"version":"0.33.2"}
2026-10-06 02:52:07 procs=0 calls=61086 rate=0/h gpu=0 %/0 %/0 %/ ollama={"version":"0.33.2"}
2026-10-06 03:02:07 procs=0 calls=61086 rate=0/h gpu=0 %/0 %/0 %/ ollama={"version":"0.33.2"}
2026-10-06 03:12:08 procs=0 calls=61086 rate=0/h gpu=0 %/0 %/0 %/ ollama={"version":"0.33.2"}
2026-10-06 03:22:08 procs=0 calls=61086 rate=0/h gpu=0 %/0 %/0 %/ ollama={"version":"0.33.2"}
2026-10-06 03:32:08 procs=0 calls=61086 rate=0/h gpu=0 %/0 %/0 %/ ollama={"version":"0.33.2"}
2026-10-06 03:42:09 procs=0 calls=61086 rate=0/h gpu=0 %/0 %/0 %/ ollama={"version":"0.33.2"}
2026-10-06 03:52:09 procs=0 calls=61086 rate=0/h gpu=0 %/0 %/0 %/ ollama={"version":"0.33.2"}
2026-10-06 04:02:10 procs=0 calls=61086 rate=0/h gpu=0 %/0 %/0 %/ ollama={"version":"0.33.2"}
2026-10-06 04:12:10 procs=0 calls=61086 rate=0/h gpu=0 %/0 %/0 %/ ollama={"version":"0.33.2"}
2026-10-06 04:22:10 procs=0 calls=61086 rate=0/h gpu=0 %/0 %/0 %/ ollama={"version":"0.33.2"}
2026-10-06 04:32:11 procs=0 calls=61086 rate=0/h gpu=0 %/0 %/0 %/ ollama={"version":"0.33.2"}
2026-10-06 04:42:11 procs=0 calls=61086 rate=0/h gpu=0 %/0 %/0 %/ ollama={"version":"0.33.2"}
2026-10-06 04:52:12 procs=0 calls=61086 rate=0/h gpu=0 %/0 %/0 %/ ollama={"version":"0.33.2"}
2026-10-06 05:02:12 procs=0 calls=61086 rate=0/h gpu=0 %/0 %/0 %/ ollama={"version":"0.33.2"}
2026-10-06 05:12:12 procs=0 calls=61086 rate=0/h gpu=0 %/0 %/0 %/ ollama={"version":"0.33.2"}
2026-10-06 05:22:13 procs=0 calls=61086 rate=0/h gpu=0 %/0 %/0 %/ ollama={"version":"0.33.2"}
2026-10-06 05:32:13 procs=0 calls=61086 rate=0/h gpu=0 %/0 %/0 %/ ollama={"version":"0.33.2"}
2026-10-06 05:42:14 procs=0 calls=61086 rate=0/h gpu=0 %/0 %/0 %/ ollama={"version":"0.33.2"}
2026-10-06 05:52:14 procs=0 calls=61086 rate=0/h gpu=0 %/0 %/0 %/ ollama={"version":"0.33.2"}
2026-10-06 06:02:14 procs=0 calls=61086 rate=0/h gpu=0 %/0 %/0 %/ ollama={"version":"0.33.2"}
2026-10-06 06:12:15 procs=0 calls=61086 rate=0/h gpu=0 %/0 %/0 %/ ollama={"version":"0.33.2"}
2026-10-06 06:22:15 procs=0 calls=61086 rate=0/h gpu=0 %/0 %/0 %/ ollama={"version":"0.33.2"}
2026-10-06 06:32:16 procs=0 calls=61086 rate=0/h gpu=0 %/0 %/0 %/ ollama={"version":"0.33.2"}
2026-10-06 06:42:16 procs=0 calls=61086 rate=0/h gpu=0 %/0 %/0 %/ ollama={"version":"0.33.2"}
2026-10-06 06:52:16 procs=0 calls=61086 rate=0/h gpu=0 %/0 %/0 %/ ollama={"version":"0.33.2"}
2026-10-06 07:02:17 procs=0 calls=61086 rate=0/h gpu=0 %/0 %/0 %/ ollama={"version":"0.33.2"}
2026-10-06 07:12:17 procs=0 calls=61086 rate=0/h gpu=0 %/0 %/0 %/ ollama={"version":"0.33.2"}
2026-10-06 07:22:17 procs=0 calls=61086 rate=0/h gpu=0 %/0 %/0 %/ ollama={"version":"0.33.2"}
2026-10-06 07:32:18 procs=0 calls=61086 rate=0/h gpu=0 %/0 %/0 %/ ollama={"version":"0.33.2"}
2026-10-06 07:42:18 procs=0 calls=61086 rate=0/h gpu=0 %/0 %/0 %/ ollama={"version":"0.33.2"}
2026-10-06 07:52:19 procs=0 calls=61086 rate=0/h gpu=0 %/0 %/0 %/ ollama={"version":"0.33.2"}
2026-10-06 08:02:19 procs=0 calls=61086 rate=0/h gpu=0 %/0 %/0 %/ ollama={"version":"0.33.2"}
2026-10-06 08:12:20 procs=0 calls=61086 rate=0/h gpu=0 %/0 %/0 %/ ollama={"version":"0.33.2"}
2026-10-06 08:22:20 procs=0 calls=61086 rate=0/h gpu=0 %/0 %/0 %/ ollama={"version":"0.33.2"}
2026-10-06 08:32:20 procs=0 calls=61086 rate=0/h gpu=0 %/0 %/0 %/ ollama={"version":"0.33.2"}
2026-10-06 08:42:21 procs=0 calls=61086 rate=0/h gpu=0 %/0 %/0 %/ ollama={"version":"0.33.2"}
2026-10-06 08:52:21 procs=0 calls=61086 rate=0/h gpu=0 %/0 %/0 %/ ollama={"version":"0.33.2"}
2026-10-06 09:02:22 procs=0 calls=61086 rate=0/h gpu=0 %/0 %/0 %/ ollama={"version":"0.33.2"}
2026-10-06 09:12:22 procs=0 calls=61086 rate=0/h gpu=0 %/0 %/0 %/ ollama={"version":"0.33.2"}
2026-10-06 09:22:22 procs=0 calls=61086 rate=0/h gpu=0 %/0 %/0 %/ ollama={"version":"0.33.2"}
2026-10-06 09:32:23 procs=0 calls=61086 rate=0/h gpu=0 %/0 %/0 %/ ollama={"version":"0.33.2"}
2026-10-06 09:42:23 procs=0 calls=61086 rate=0/h gpu=0 %/0 %/0 %/ ollama={"version":"0.33.2"}
2026-10-06 09:52:24 procs=0 calls=61086 rate=0/h gpu=0 %/0 %/0 %/ ollama={"version":"0.33.2"}
2026-10-06 10:02:24 procs=0 calls=61086 rate=0/h gpu=0 %/0 %/0 %/ ollama={"version":"0.33.2"}
2026-10-06 10:12:24 procs=0 calls=61086 rate=0/h gpu=0 %/0 %/0 %/ ollama={"version":"0.33.2"}
2026-10-06 10:22:25 procs=0 calls=61086 rate=0/h gpu=0 %/0 %/0 %/ ollama={"version":"0.33.2"}
2026-10-06 10:32:25 procs=0 calls=61086 rate=0/h gpu=0 %/0 %/0 %/ ollama={"version":"0.33.2"}
2026-10-06 10:42:26 procs=0 calls=61086 rate=0/h gpu=0 %/0 %/0 %/ ollama={"version":"0.33.2"}
2026-10-06 10:52:26 procs=0 calls=61086 rate=0/h gpu=0 %/0 %/0 %/ ollama={"version":"0.33.2"}
2026-10-06 11:02:26 procs=0 calls=61086 rate=0/h gpu=0 %/0 %/0 %/ ollama={"version":"0.33.2"}
2026-10-06 11:12:27 procs=0 calls=61086 rate=0/h gpu=0 %/0 %/0 %/ ollama={"version":"0.33.2"}
2026-10-06 11:22:27 procs=0 calls=61086 rate=0/h gpu=0 %/0 %/0 %/ ollama={"version":"0.33.2"}
2026-10-06 11:32:27 procs=0 calls=61086 rate=0/h gpu=0 %/0 %/0 %/ ollama={"version":"0.33.2"}
2026-10-06 11:42:28 procs=0 calls=61086 rate=0/h gpu=0 %/0 %/0 %/ ollama={"version":"0.33.2"}
2026-10-06 11:52:28 procs=0 calls=61086 rate=0/h gpu=0 %/0 %/0 %/ ollama={"version":"0.33.2"}
2026-10-06 12:02:29 procs=0 calls=61086 rate=0/h gpu=0 %/0 %/0 %/ ollama={"version":"0.33.2"}
2026-10-06 12:12:29 procs=0 calls=61086 rate=0/h gpu=0 %/0 %/0 %/ ollama={"version":"0.33.2"}
2026-10-06 12:22:30 procs=0 calls=61086 rate=0/h gpu=0 %/0 %/0 %/ ollama={"version":"0.33.2"}
2026-10-06 12:32:30 procs=0 calls=61086 rate=0/h gpu=0 %/0 %/0 %/ ollama={"version":"0.33.2"}
2026-10-06 12:42:30 procs=0 calls=61086 rate=0/h gpu=0 %/0 %/0 %/ ollama={"version":"0.33.2"}
2026-10-06 12:52:31 procs=0 calls=61086 rate=0/h gpu=0 %/0 %/0 %/ ollama={"version":"0.33.2"}
2026-10-06 13:02:31 procs=0 calls=61086 rate=0/h gpu=0 %/0 %/0 %/ ollama={"version":"0.33.2"}
2026-10-06 13:12:32 procs=0 calls=61086 rate=0/h gpu=0 %/0 %/0 %/ ollama={"version":"0.33.2"}
2026-10-06 13:22:32 procs=0 calls=61086 rate=0/h gpu=0 %/0 %/0 %/ ollama={"version":"0.33.2"}
2026-10-06 13:32:32 procs=0 calls=61086 rate=0/h gpu=0 %/0 %/0 %/ ollama={"version":"0.33.2"}
2026-10-06 13:42:33 procs=0 calls=61086 rate=0/h gpu=0 %/0 %/0 %/ ollama={"version":"0.33.2"}
2026-10-06 13:52:33 procs=0 calls=61086 rate=0/h gpu=0 %/0 %/0 %/ ollama={"version":"0.33.2"}
2026-10-06 14:02:34 procs=0 calls=61086 rate=0/h gpu=0 %/0 %/0 %/ ollama={"version":"0.33.2"}
2026-10-06 14:12:34 procs=0 calls=61086 rate=0/h gpu=0 %/0 %/0 %/ ollama={"version":"0.33.2"}
2026-10-06 14:22:34 procs=0 calls=61086 rate=0/h gpu=0 %/0 %/0 %/ ollama={"version":"0.33.2"}
2026-10-06 14:32:35 procs=0 calls=61086 rate=0/h gpu=0 %/0 %/0 %/ ollama={"version":"0.33.2"}
2026-10-06 14:42:35 procs=0 calls=61086 rate=0/h gpu=0 %/0 %/0 %/ ollama={"version":"0.33.2"}
2026-10-06 14:52:35 procs=0 calls=61086 rate=0/h gpu=0 %/0 %/0 %/ ollama={"version":"0.33.2"}
2026-10-06 15:02:36 procs=0 calls=61086 rate=0/h gpu=0 %/0 %/0 %/ ollama={"version":"0.33.2"}
2026-10-06 15:12:36 procs=0 calls=61086 rate=0/h gpu=0 %/0 %/0 %/ ollama={"version":"0.33.2"}
2026-10-06 15:22:37 procs=0 calls=61086 rate=0/h gpu=0 %/0 %/0 %/ ollama={"version":"0.33.2"}
2026-10-06 15:32:37 procs=0 calls=61086 rate=0/h gpu=0 %/0 %/0 %/ ollama={"version":"0.33.2"}
2026-10-06 15:42:37 procs=0 calls=61086 rate=0/h gpu=0 %/0 %/0 %/ ollama={"version":"0.33.2"}
2026-10-06 15:52:38 procs=0 calls=61086 rate=0/h gpu=0 %/0 %/0 %/ ollama={"version":"0.33.2"}
2026-10-06 16:02:38 procs=0 calls=61086 rate=0/h gpu=0 %/0 %/0 %/ ollama={"version":"0.33.2"}
2026-10-06 16:12:39 procs=0 calls=61086 rate=0/h gpu=0 %/0 %/0 %/ ollama={"version":"0.33.2"}
2026-10-06 16:22:39 procs=0 calls=61086 rate=0/h gpu=0 %/0 %/0 %/ ollama={"version":"0.33.2"}
2026-10-06 16:32:39 procs=0 calls=61086 rate=0/h gpu=0 %/0 %/0 %/ ollama={"version":"0.33.2"}
2026-10-06 16:42:40 procs=0 calls=61086 rate=0/h gpu=0 %/0 %/0 %/ ollama={"version":"0.33.2"}
2026-10-06 16:52:40 procs=0 calls=61086 rate=0/h gpu=0 %/0 %/0 %/ ollama={"version":"0.33.2"}
2026-10-06 17:02:40 procs=0 calls=61086 rate=0/h gpu=0 %/0 %/0 %/ ollama={"version":"0.33.2"}
2026-10-06 17:12:41 procs=0 calls=61086 rate=0/h gpu=0 %/0 %/0 %/ ollama={"version":"0.33.2"}
2026-10-06 17:22:41 procs=0 calls=61086 rate=0/h gpu=0 %/0 %/0 %/ ollama={"version":"0.33.2"}
2026-10-06 17:32:42 procs=0 calls=61086 rate=0/h gpu=0 %/0 %/0 %/ ollama={"version":"0.33.2"}
2026-10-06 17:42:42 procs=0 calls=61086 rate=0/h gpu=0 %/0 %/0 %/ ollama={"version":"0.33.2"}
2026-10-06 17:52:42 procs=0 calls=61086 rate=0/h gpu=0 %/0 %/0 %/ ollama={"version":"0.33.2"}
2026-10-06 18:02:43 procs=0 calls=61086 rate=0/h gpu=26 %/27 %/30 %/ ollama={"version":"0.33.2"}
2026-10-06 18:12:43 procs=0 calls=61086 rate=0/h gpu=100 %/0 %/0 %/ ollama={"version":"0.33.2"}
2026-10-06 18:22:44 procs=0 calls=61086 rate=0/h gpu=100 %/9 %/0 %/ ollama={"version":"0.33.2"}
2026-10-06 18:32:44 procs=0 calls=61086 rate=0/h gpu=35 %/26 %/40 %/ ollama={"version":"0.33.2"}
2026-10-06 18:42:44 procs=0 calls=61086 rate=0/h gpu=0 %/0 %/0 %/ ollama={"version":"0.33.2"}
2026-10-06 18:52:45 procs=1 calls=61189 rate=618/h gpu=0 %/0 %/100 %/ ollama={"version":"0.33.2"}
2026-10-06 19:02:45 procs=1 calls=61269 rate=480/h gpu=0 %/100 %/0 %/ ollama={"version":"0.33.2"}
2026-10-06 19:12:45 procs=1 calls=61373 rate=624/h gpu=6 %/0 %/97 %/ ollama={"version":"0.33.2"}
2026-10-06 19:22:46 procs=1 calls=61467 rate=564/h gpu=27 %/27 %/31 %/ ollama={"version":"0.33.2"}
2026-10-06 19:32:46 procs=1 calls=61566 rate=594/h gpu=0 %/100 %/0 %/ ollama={"version":"0.33.2"}
2026-10-06 19:42:46 procs=1 calls=61666 rate=600/h gpu=0 %/0 %/0 %/ ollama={"version":"0.33.2"}
2026-10-06 19:52:47 procs=1 calls=61752 rate=516/h gpu=28 %/29 %/30 %/ ollama={"version":"0.33.2"}
2026-10-06 20:02:47 procs=1 calls=61853 rate=606/h gpu=100 %/0 %/0 %/ ollama={"version":"0.33.2"}
2026-10-06 20:12:48 procs=1 calls=61955 rate=612/h gpu=0 %/51 %/73 %/ ollama={"version":"0.33.2"}
2026-10-06 20:22:48 procs=1 calls=62046 rate=546/h gpu=100 %/0 %/0 %/ ollama={"version":"0.33.2"}
2026-10-06 20:32:48 procs=1 calls=62135 rate=534/h gpu=91 %/3 %/1 %/ ollama={"version":"0.33.2"}
2026-10-06 20:42:49 procs=1 calls=62227 rate=552/h gpu=0 %/0 %/0 %/ ollama={"version":"0.33.2"}
2026-10-06 20:52:49 procs=1 calls=62330 rate=618/h gpu=99 %/1 %/0 %/ ollama={"version":"0.33.2"}
2026-10-06 21:02:49 procs=1 calls=62436 rate=636/h gpu=34 %/29 %/32 %/ ollama={"version":"0.33.2"}
2026-10-06 21:12:50 procs=1 calls=62540 rate=624/h gpu=0 %/0 %/0 %/ ollama={"version":"0.33.2"}
2026-10-06 21:22:50 procs=1 calls=62631 rate=546/h gpu=3 %/0 %/5 %/ ollama={"version":"0.33.2"}
2026-10-06 21:32:50 procs=1 calls=62735 rate=624/h gpu=0 %/0 %/100 %/ ollama={"version":"0.33.2"}
2026-10-06 21:42:51 procs=1 calls=62824 rate=534/h gpu=30 %/27 %/40 %/ ollama={"version":"0.33.2"}
2026-10-06 21:52:51 procs=1 calls=62923 rate=594/h gpu=0 %/0 %/0 %/ ollama={"version":"0.33.2"}
2026-10-06 22:02:52 procs=1 calls=62987 rate=384/h gpu=28 %/30 %/38 %/ ollama={"version":"0.33.2"}
2026-10-06 22:12:52 procs=1 calls=63052 rate=390/h gpu=0 %/84 %/100 %/ ollama={"version":"0.33.2"}
2026-10-06 22:22:52 procs=1 calls=63101 rate=294/h gpu=100 %/0 %/0 %/ ollama={"version":"0.33.2"}
2026-10-06 22:32:53 procs=1 calls=63151 rate=300/h gpu=29 %/27 %/38 %/ ollama={"version":"0.33.2"}
2026-10-06 22:42:53 procs=1 calls=63225 rate=444/h gpu=0 %/0 %/0 %/ ollama={"version":"0.33.2"}
2026-10-06 22:52:54 procs=1 calls=63295 rate=420/h gpu=0 %/100 %/0 %/ ollama={"version":"0.33.2"}
2026-10-06 23:02:54 procs=1 calls=63342 rate=282/h gpu=0 %/100 %/69 %/ ollama={"version":"0.33.2"}
2026-10-06 23:12:54 procs=1 calls=63383 rate=246/h gpu=35 %/30 %/39 %/ ollama={"version":"0.33.2"}
2026-10-06 23:22:55 procs=1 calls=63457 rate=444/h gpu=25 %/100 %/0 %/ ollama={"version":"0.33.2"}
2026-10-06 23:32:55 procs=1 calls=63526 rate=414/h gpu=26 %/29 %/33 %/ ollama={"version":"0.33.2"}
2026-10-06 23:42:55 procs=1 calls=63573 rate=282/h gpu=26 %/27 %/30 %/ ollama={"version":"0.33.2"}
2026-10-06 23:52:56 procs=1 calls=63644 rate=426/h gpu=29 %/27 %/40 %/ ollama={"version":"0.33.2"}
2026-10-07 00:02:56 procs=1 calls=63684 rate=240/h gpu=19 %/27 %/39 %/ ollama={"version":"0.33.2"}
2026-10-07 00:12:57 procs=1 calls=63724 rate=240/h gpu=28 %/32 %/35 %/ ollama={"version":"0.33.2"}
2026-10-07 00:22:57 procs=1 calls=63787 rate=378/h gpu=34 %/35 %/30 %/ ollama={"version":"0.33.2"}
2026-10-07 00:32:57 procs=1 calls=63857 rate=420/h gpu=100 %/100 %/1 %/ ollama={"version":"0.33.2"}
2026-10-07 00:42:58 procs=1 calls=63919 rate=372/h gpu=0 %/14 %/100 %/ ollama={"version":"0.33.2"}
2026-10-07 00:52:58 procs=1 calls=63990 rate=426/h gpu=80 %/88 %/26 %/ ollama={"version":"0.33.2"}
2026-10-07 01:02:59 procs=1 calls=64056 rate=396/h gpu=49 %/100 %/100 %/ ollama={"version":"0.33.2"}
2026-10-07 01:12:59 procs=1 calls=64131 rate=450/h gpu=26 %/28 %/32 %/ ollama={"version":"0.33.2"}
2026-10-07 01:22:59 procs=1 calls=64202 rate=426/h gpu=33 %/27 %/30 %/ ollama={"version":"0.33.2"}
2026-10-07 01:33:00 procs=1 calls=64274 rate=432/h gpu=50 %/42 %/100 %/ ollama={"version":"0.33.2"}
2026-10-07 01:43:00 procs=1 calls=64352 rate=468/h gpu=97 %/100 %/100 %/ ollama={"version":"0.33.2"}
2026-10-07 01:53:01 procs=1 calls=64402 rate=300/h gpu=34 %/27 %/30 %/ ollama={"version":"0.33.2"}
2026-10-07 02:03:01 procs=1 calls=64462 rate=360/h gpu=30 %/27 %/39 %/ ollama={"version":"0.33.2"}
2026-10-07 02:13:01 procs=1 calls=64520 rate=348/h gpu=33 %/31 %/31 %/ ollama={"version":"0.33.2"}
2026-10-07 02:23:02 procs=1 calls=64583 rate=378/h gpu=100 %/0 %/0 %/ ollama={"version":"0.33.2"}
2026-10-07 02:33:02 procs=1 calls=64662 rate=474/h gpu=14 %/16 %/11 %/ ollama={"version":"0.33.2"}
2026-10-07 02:43:03 procs=0 calls=64676 rate=84/h gpu=0 %/0 %/0 %/ ollama={"version":"0.33.2"}
2026-10-07 02:53:03 procs=0 calls=64676 rate=0/h gpu=0 %/0 %/0 %/ ollama={"version":"0.33.2"}
2026-10-07 03:03:04 procs=0 calls=64676 rate=0/h gpu=0 %/0 %/0 %/ ollama={"version":"0.33.2"}
2026-10-07 03:13:04 procs=0 calls=64676 rate=0/h gpu=0 %/0 %/0 %/ ollama={"version":"0.33.2"}
2026-10-07 03:23:04 procs=0 calls=64676 rate=0/h gpu=0 %/0 %/0 %/ ollama={"version":"0.33.2"}
2026-10-07 03:33:05 procs=0 calls=64676 rate=0/h gpu=0 %/0 %/0 %/ ollama={"version":"0.33.2"}
2026-10-07 03:43:05 procs=0 calls=64676 rate=0/h gpu=0 %/0 %/0 %/ ollama={"version":"0.33.2"}
2026-10-07 03:53:06 procs=0 calls=64676 rate=0/h gpu=0 %/0 %/0 %/ ollama={"version":"0.33.2"}
2026-10-07 04:03:06 procs=0 calls=64676 rate=0/h gpu=0 %/0 %/0 %/ ollama={"version":"0.33.2"}
2026-10-07 04:13:06 procs=0 calls=64676 rate=0/h gpu=0 %/0 %/0 %/ ollama={"version":"0.33.2"}
2026-10-07 04:23:07 procs=0 calls=64676 rate=0/h gpu=0 %/0 %/0 %/ ollama={"version":"0.33.2"}
2026-10-07 04:33:07 procs=0 calls=64676 rate=0/h gpu=0 %/0 %/0 %/ ollama={"version":"0.33.2"}
2026-10-07 04:43:08 procs=0 calls=64676 rate=0/h gpu=0 %/0 %/0 %/ ollama={"version":"0.33.2"}
2026-10-07 04:53:08 procs=0 calls=64676 rate=0/h gpu=0 %/0 %/0 %/ ollama={"version":"0.33.2"}
2026-10-07 05:03:09 procs=0 calls=64676 rate=0/h gpu=0 %/0 %/0 %/ ollama={"version":"0.33.2"}
2026-10-07 05:13:09 procs=0 calls=64676 rate=0/h gpu=0 %/0 %/0 %/ ollama={"version":"0.33.2"}
2026-10-07 05:23:09 procs=0 calls=64676 rate=0/h gpu=0 %/0 %/0 %/ ollama={"version":"0.33.2"}
2026-10-07 05:33:10 procs=0 calls=64676 rate=0/h gpu=0 %/0 %/0 %/ ollama={"version":"0.33.2"}
2026-10-07 05:43:10 procs=0 calls=64676 rate=0/h gpu=0 %/0 %/0 %/ ollama={"version":"0.33.2"}
2026-10-07 05:53:11 procs=0 calls=64676 rate=0/h gpu=0 %/0 %/0 %/ ollama={"version":"0.33.2"}
2026-10-07 06:03:11 procs=0 calls=64676 rate=0/h gpu=0 %/0 %/0 %/ ollama={"version":"0.33.2"}
2026-10-07 06:13:11 procs=0 calls=64676 rate=0/h gpu=0 %/0 %/0 %/ ollama={"version":"0.33.2"}
2026-10-07 06:23:12 procs=0 calls=64676 rate=0/h gpu=0 %/0 %/0 %/ ollama={"version":"0.33.2"}
2026-10-07 06:33:12 procs=0 calls=64676 rate=0/h gpu=0 %/0 %/0 %/ ollama={"version":"0.33.2"}
2026-10-07 06:43:13 procs=0 calls=64676 rate=0/h gpu=0 %/0 %/0 %/ ollama={"version":"0.33.2"}
2026-10-07 06:53:13 procs=0 calls=64676 rate=0/h gpu=0 %/0 %/0 %/ ollama={"version":"0.33.2"}
2026-10-07 07:03:14 procs=0 calls=64676 rate=0/h gpu=0 %/0 %/0 %/ ollama={"version":"0.33.2"}
2026-10-07 07:13:14 procs=0 calls=64676 rate=0/h gpu=0 %/0 %/0 %/ ollama={"version":"0.33.2"}
2026-10-07 07:23:14 procs=0 calls=64676 rate=0/h gpu=0 %/0 %/0 %/ ollama={"version":"0.33.2"}
2026-10-07 07:33:15 procs=0 calls=64676 rate=0/h gpu=0 %/0 %/0 %/ ollama={"version":"0.33.2"}
2026-10-07 07:43:15 procs=0 calls=64676 rate=0/h gpu=0 %/0 %/0 %/ ollama={"version":"0.33.2"}
2026-10-07 07:53:16 procs=0 calls=64676 rate=0/h gpu=0 %/0 %/0 %/ ollama={"version":"0.33.2"}
2026-10-07 08:03:16 procs=0 calls=64676 rate=0/h gpu=0 %/0 %/0 %/ ollama={"version":"0.33.2"}
2026-10-07 08:13:16 procs=0 calls=64676 rate=0/h gpu=0 %/0 %/0 %/ ollama={"version":"0.33.2"}
2026-10-07 08:23:17 procs=0 calls=64676 rate=0/h gpu=0 %/0 %/0 %/ ollama={"version":"0.33.2"}
2026-10-07 08:33:17 procs=0 calls=64676 rate=0/h gpu=0 %/0 %/0 %/ ollama={"version":"0.33.2"}
2026-10-07 08:43:18 procs=0 calls=64676 rate=0/h gpu=0 %/0 %/0 %/ ollama={"version":"0.33.2"}
2026-10-07 08:53:18 procs=0 calls=64676 rate=0/h gpu=0 %/0 %/0 %/ ollama={"version":"0.33.2"}
2026-10-07 09:03:18 procs=0 calls=64676 rate=0/h gpu=0 %/0 %/0 %/ ollama={"version":"0.33.2"}
2026-10-07 09:13:19 procs=0 calls=64676 rate=0/h gpu=0 %/0 %/0 %/ ollama={"version":"0.33.2"}
2026-10-07 09:23:19 procs=0 calls=64676 rate=0/h gpu=0 %/0 %/0 %/ ollama={"version":"0.33.2"}
2026-10-07 09:33:20 procs=0 calls=64676 rate=0/h gpu=0 %/0 %/0 %/ ollama={"version":"0.33.2"}
2026-10-07 09:43:20 procs=0 calls=64676 rate=0/h gpu=0 %/0 %/0 %/ ollama={"version":"0.33.2"}
2026-10-07 09:53:20 procs=0 calls=64676 rate=0/h gpu=0 %/0 %/0 %/ ollama={"version":"0.33.2"}
2026-10-07 10:03:21 procs=0 calls=64676 rate=0/h gpu=0 %/0 %/0 %/ ollama={"version":"0.33.2"}
2026-10-07 10:13:21 procs=0 calls=64676 rate=0/h gpu=0 %/0 %/0 %/ ollama={"version":"0.33.2"}
2026-10-07 10:23:22 procs=0 calls=64676 rate=0/h gpu=0 %/0 %/0 %/ ollama={"version":"0.33.2"}
2026-10-07 10:33:22 procs=0 calls=64676 rate=0/h gpu=0 %/0 %/0 %/ ollama={"version":"0.33.2"}
2026-10-07 10:43:22 procs=0 calls=64676 rate=0/h gpu=0 %/0 %/0 %/ ollama={"version":"0.33.2"}
2026-10-07 10:53:23 procs=0 calls=64676 rate=0/h gpu=0 %/0 %/0 %/ ollama={"version":"0.33.2"}
2026-10-07 11:03:23 procs=0 calls=64676 rate=0/h gpu=0 %/0 %/0 %/ ollama={"version":"0.33.2"}
2026-10-07 11:13:24 procs=0 calls=64676 rate=0/h gpu=0 %/0 %/0 %/ ollama={"version":"0.33.2"}
2026-10-07 11:23:24 procs=0 calls=64676 rate=0/h gpu=0 %/0 %/0 %/ ollama={"version":"0.33.2"}
2026-10-07 11:33:24 procs=0 calls=64676 rate=0/h gpu=0 %/0 %/0 %/ ollama={"version":"0.33.2"}
2026-10-07 11:43:25 procs=0 calls=64676 rate=0/h gpu=0 %/0 %/0 %/ ollama={"version":"0.33.2"}
2026-10-07 11:53:25 procs=0 calls=64676 rate=0/h gpu=0 %/0 %/0 %/ ollama={"version":"0.33.2"}
2026-10-07 12:03:25 procs=0 calls=64676 rate=0/h gpu=0 %/0 %/0 %/ ollama={"version":"0.33.2"}
2026-10-07 12:13:26 procs=0 calls=64676 rate=0/h gpu=0 %/0 %/0 %/ ollama={"version":"0.33.2"}
2026-10-07 12:23:26 procs=0 calls=64676 rate=0/h gpu=0 %/0 %/0 %/ ollama={"version":"0.33.2"}
2026-10-07 12:33:27 procs=0 calls=64676 rate=0/h gpu=0 %/0 %/0 %/ ollama={"version":"0.33.2"}
2026-10-07 12:43:27 procs=0 calls=64676 rate=0/h gpu=0 %/0 %/0 %/ ollama={"version":"0.33.2"}
2026-10-07 12:53:27 procs=0 calls=64676 rate=0/h gpu=0 %/0 %/0 %/ ollama={"version":"0.33.2"}
2026-10-07 13:03:28 procs=0 calls=64676 rate=0/h gpu=0 %/0 %/0 %/ ollama={"version":"0.33.2"}
2026-10-07 13:13:28 procs=0 calls=64676 rate=0/h gpu=0 %/0 %/0 %/ ollama={"version":"0.33.2"}
2026-10-07 13:23:29 procs=0 calls=64676 rate=0/h gpu=0 %/0 %/0 %/ ollama={"version":"0.33.2"}
2026-10-07 13:33:29 procs=0 calls=64676 rate=0/h gpu=0 %/0 %/0 %/ ollama={"version":"0.33.2"}
2026-10-07 13:43:29 procs=0 calls=64676 rate=0/h gpu=0 %/0 %/0 %/ ollama={"version":"0.33.2"}
2026-10-07 13:53:30 procs=0 calls=64676 rate=0/h gpu=0 %/0 %/0 %/ ollama={"version":"0.33.2"}
2026-10-07 14:03:30 procs=0 calls=64676 rate=0/h gpu=0 %/0 %/0 %/ ollama={"version":"0.33.2"}
2026-10-07 14:13:31 procs=0 calls=64676 rate=0/h gpu=0 %/0 %/0 %/ ollama={"version":"0.33.2"}
2026-10-07 14:23:31 procs=0 calls=64676 rate=0/h gpu=0 %/0 %/0 %/ ollama={"version":"0.33.2"}
2026-10-07 14:33:31 procs=0 calls=64676 rate=0/h gpu=0 %/0 %/0 %/ ollama={"version":"0.33.2"}
2026-10-07 14:43:32 procs=0 calls=64676 rate=0/h gpu=0 %/0 %/0 %/ ollama={"version":"0.33.2"}
2026-10-07 14:53:32 procs=0 calls=64676 rate=0/h gpu=0 %/0 %/0 %/ ollama={"version":"0.33.2"}
2026-10-07 15:03:33 procs=0 calls=64676 rate=0/h gpu=0 %/0 %/0 %/ ollama={"version":"0.33.2"}
2026-10-07 15:13:33 procs=0 calls=64676 rate=0/h gpu=0 %/0 %/0 %/ ollama={"version":"0.33.2"}
