id_A,id_B
b000csralc,http://www.google.com/base/feeds/snippets/18360228849433322937
b000csralc,http://www.google.com/base/feeds/snippets/13494199552150418325
b000csralc,http://www.google.com/base/feeds/snippets/17949221276659189899
b000csralc,http://www.google.com/base/feeds/snippets/17991867214989562755
b000csralc,http://www.google.com/base/feeds/snippets/3425269675710915963
b000csralc,http://www.google.com/base/feeds/snippets/1025946636577003287
b000csralc,http://www.google.com/base/feeds/snippets/3705616181324108255
b000csralc,http://www.google.com/base/feeds/snippets/17022059155449110234
b000csralc,http://www.google.com/base/feeds/snippets/7534820134949795393
b000csralc,http://www.google.com/base/feeds/snippets/8277057862522519469
b000csralc,http://www.google.com/base/feeds/snippets/10242265157235189091
b000csralc,http://www.google.com/base/feeds/snippets/10167966986525901216
b000csralc,http://www.google.com/base/feeds/snippets/11538958500164120645
b000csralc,http://www.google.com/base/feeds/snippets/10630877480428238646
b000csralc,http://www.google.com/base/feeds/snippets/2116688271680306306
b000csralc,http://www.google.com/base/feeds/snippets/670141367426543787
b000csralc,http://www.google.com/base/feeds/snippets/8112171750465742759
b000csralc,http://www.google.com/base/feeds/snippets/2200105376248238022
b000csralc,http://www.google.com/base/feeds/snippets/4482971378704982339
b000csralc,http://www.google.com/base/feeds/snippets/5363746742944501557
b000csralc,http://www.google.com/base/feeds/snippets/5382698131793140546
b000csralc,http://www.google.com/base/feeds/snippets/14103278196758021268
b000csralc,http://www.google.com/base/feeds/snippets/15230405084776710573
b000csralc,http://www.google.com/base/feeds/snippets/16600132802508901129
b000csralc,http://www.google.com/base/feeds/snippets/9151007302859732474
b000csralc,http://www.google.com/base/feeds/snippets/10357785197400989441
b000csralc,http://www.google.com/base/feeds/snippets/17727329584333449458
b000fbk6gc,http://www.google.com/base/feeds/snippets/16488123967924476310
b000hcl5sm,http://www.google.com/base/feeds/snippets/16488123967924476310
b000aqadlu,http://www.google.com/base/feeds/snippets/16488123967924476310
b000053f92,http://www.google.com/base/feeds/snippets/16488123967924476310
b00021xhzw,http://www.google.com/base/feeds/snippets/18395209041486825295
b00021xhzw,http://www.google.com/base/feeds/snippets/18384570736596065295
b00021xhzw,http://www.google.com/base/feeds/snippets/18409154395025279191
b000o24l3q,http://www.google.com/base/feeds/snippets/18395209041486825295
b000o24l3q,http://www.google.com/base/feeds/snippets/18384570736596065295
b000o24l3q,http://www.google.com/base/feeds/snippets/18409154395025279191
b000ndicuy,http://www.google.com/base/feeds/snippets/18395209041486825295
b000ndicuy,http://www.google.com/base/feeds/snippets/18384570736596065295
b000ndicuy,http://www.google.com/base/feeds/snippets/18409154395025279191
b0000afwwl,http://www.google.com/base/feeds/snippets/18395209041486825295
b0000afwwl,http://www.google.com/base/feeds/snippets/18384570736596065295
b0000afwwl,http://www.google.com/base/feeds/snippets/18409154395025279191
b000nwsclo,http://www.google.com/base/feeds/snippets/18395209041486825295
b000nwsclo,http://www.google.com/base/feeds/snippets/18384570736596065295
b000nwsclo,http://www.google.com/base/feeds/snippets/18409154395025279191
b000m06st0,http://www.google.com/base/feeds/snippets/18395209041486825295
b000m06st0,http://www.google.com/base/feeds/snippets/18384570736596065295
b000m06st0,http://www.google.com/base/feeds/snippets/18409154395025279191
b000ndibtg,http://www.google.com/base/feeds/snippets/18395209041486825295
b000ndibtg,http://www.google.com/base/feeds/snippets/18384570736596065295
b000ndibtg,http://www.google.com/base/feeds/snippets/18409154395025279191
b0000y7wck,http://www.google.com/base/feeds/snippets/18395209041486825295
b0000y7wck,http://www.google.com/base/feeds/snippets/18384570736596065295
b0000y7wck,http://www.google.com/base/feeds/snippets/18409154395025279191
b000ndibaa,http://www.google.com/base/feeds/snippets/18395209041486825295
b000ndibaa,http://www.google.com/base/feeds/snippets/18384570736596065295
b000ndibaa,http://www.google.com/base/feeds/snippets/18409154395025279191
b000e8jl80,http://www.google.com/base/feeds/snippets/18395209041486825295
b000e8jl80,http://www.google.com/base/feeds/snippets/18384570736596065295
b000e8jl80,http://www.google.com/base/feeds/snippets/18409154395025279191
b000ndibq4,http://www.google.com/base/feeds/snippets/18395209041486825295
b000ndibq4,http://www.google.com/base/feeds/snippets/18384570736596065295
b000ndibq4,http://www.google.com/base/feeds/snippets/18409154395025279191
b000ndibci,http://www.google.com/base/feeds/snippets/18395209041486825295
b000ndibci,http://www.google.com/base/feeds/snippets/18384570736596065295
b000ndibci,http://www.google.com/base/feeds/snippets/18409154395025279191
b000hlp5do,http://www.google.com/base/feeds/snippets/18395209041486825295
b000hlp5do,http://www.google.com/base/feeds/snippets/18384570736596065295
b000hlp5do,http://www.google.com/base/feeds/snippets/18409154395025279191
b00069e7ko,http://www.google.com/base/feeds/snippets/18395209041486825295
b00069e7ko,http://www.google.com/base/feeds/snippets/18384570736596065295
b00069e7ko,http://www.google.com/base/feeds/snippets/18409154395025279191
b000e8jlai,http://www.google.com/base/feeds/snippets/18395209041486825295
b000e8jlai,http://www.google.com/base/feeds/snippets/18384570736596065295
b000e8jlai,http://www.google.com/base/feeds/snippets/18409154395025279191
b000e8jlda,http://www.google.com/base/feeds/snippets/18395209041486825295
b000e8jlda,http://www.google.com/base/feeds/snippets/18384570736596065295
b000e8jlda,http://www.google.com/base/feeds/snippets/18409154395025279191
b000e8jl7q,http://www.google.com/base/feeds/snippets/18395209041486825295
b000e8jl7q,http://www.google.com/base/feeds/snippets/18384570736596065295
b000e8jl7q,http://www.google.com/base/feeds/snippets/18409154395025279191
b000ndibnc,http://www.google.com/base/feeds/snippets/18395209041486825295
b000ndibnc,http://www.google.com/base/feeds/snippets/18384570736596065295
b000ndibnc,http://www.google.com/base/feeds/snippets/18409154395025279191
b000ndic9a,http://www.google.com/base/feeds/snippets/18395209041486825295
b000ndic9a,http://www.google.com/base/feeds/snippets/18384570736596065295
b000ndic9a,http://www.google.com/base/feeds/snippets/18409154395025279191
b000hlr9my,http://www.google.com/base/feeds/snippets/18395209041486825295
b000hlr9my,http://www.google.com/base/feeds/snippets/18384570736596065295
b000hlr9my,http://www.google.com/base/feeds/snippets/18409154395025279191
b000e8jlbw,http://www.google.com/base/feeds/snippets/18395209041486825295
b000e8jlbw,http://www.google.com/base/feeds/snippets/18384570736596065295
b000e8jlbw,http://www.google.com/base/feeds/snippets/18409154395025279191
b000ndibws,http://www.google.com/base/feeds/snippets/18395209041486825295
b000ndibws,http://www.google.com/base/feeds/snippets/18384570736596065295
b000ndibws,http://www.google.com/base/feeds/snippets/18409154395025279191
b000ogsgym,http://www.google.com/base/feeds/snippets/18395209041486825295
b000ogsgym,http://www.google.com/base/feeds/snippets/18384570736596065295
b000ogsgym,http://www.google.com/base/feeds/snippets/18409154395025279191
b000ndibh8,http://www.google.com/base/feeds/snippets/18395209041486825295
b000ndibh8,http://www.google.com/base/feeds/snippets/18384570736596065295
b000ndibh8,http://www.google.com/base/feeds/snippets/18409154395025279191
b000krd3bq,http://www.google.com/base/feeds/snippets/18395209041486825295
b000krd3bq,http://www.google.com/base/feeds/snippets/18384570736596065295
b000krd3bq,http://www.google.com/base/feeds/snippets/18409154395025279191
b000lpc8t0,http://www.google.com/base/feeds/snippets/18395209041486825295
b000lpc8t0,http://www.google.com/base/feeds/snippets/18384570736596065295
b000lpc8t0,http://www.google.com/base/feeds/snippets/18409154395025279191
b000e8jlbc,http://www.google.com/base/feeds/snippets/18395209041486825295
b000e8jlbc,http://www.google.com/base/feeds/snippets/18384570736596065295
b000e8jlbc,http://www.google.com/base/feeds/snippets/18409154395025279191
b000e8jlas,http://www.google.com/base/feeds/snippets/18395209041486825295
b000e8jlas,http://www.google.com/base/feeds/snippets/18384570736596065295
b000e8jlas,http://www.google.com/base/feeds/snippets/18409154395025279191
b000i8od4i,http://www.google.com/base/feeds/snippets/18395209041486825295
b000i8od4i,http://www.google.com/base/feeds/snippets/18384570736596065295
b000i8od4i,http://www.google.com/base/feeds/snippets/18409154395025279191
b000o27t8a,http://www.google.com/base/feeds/snippets/18395209041486825295
b000o27t8a,http://www.google.com/base/feeds/snippets/18384570736596065295
b000o27t8a,http://www.google.com/base/feeds/snippets/18409154395025279191
b000ndib6y,http://www.google.com/base/feeds/snippets/18395209041486825295
b000ndib6y,http://www.google.com/base/feeds/snippets/18384570736596065295
b000ndib6y,http://www.google.com/base/feeds/snippets/18409154395025279191
b000hlt4y0,http://www.google.com/base/feeds/snippets/18395209041486825295
b000hlt4y0,http://www.google.com/base/feeds/snippets/18384570736596065295
b000hlt4y0,http://www.google.com/base/feeds/snippets/18409154395025279191
b000cs3sdq,http://www.google.com/base/feeds/snippets/18395209041486825295
b000cs3sdq,http://www.google.com/base/feeds/snippets/18384570736596065295
b000cs3sdq,http://www.google.com/base/feeds/snippets/18409154395025279191
b000ej9w0q,http://www.google.com/base/feeds/snippets/18395209041486825295
b000ej9w0q,http://www.google.com/base/feeds/snippets/18384570736596065295
b000ej9w0q,http://www.google.com/base/feeds/snippets/18409154395025279191
b000ndib7s,http://www.google.com/base/feeds/snippets/18395209041486825295
b000ndib7s,http://www.google.com/base/feeds/snippets/18384570736596065295
b000ndib7s,http://www.google.com/base/feeds/snippets/18409154395025279191
b000hlt4tu,http://www.google.com/base/feeds/snippets/18395209041486825295
b000hlt4tu,http://www.google.com/base/feeds/snippets/18384570736596065295
b000hlt4tu,http://www.google.com/base/feeds/snippets/18409154395025279191
b00004tj14,http://www.google.com/base/feeds/snippets/18395209041486825295
b00004tj14,http://www.google.com/base/feeds/snippets/18384570736596065295
b00004tj14,http://www.google.com/base/feeds/snippets/18409154395025279191
b000ndic40,http://www.google.com/base/feeds/snippets/18395209041486825295
b000ndic40,http://www.google.com/base/feeds/snippets/18384570736596065295
b000ndic40,http://www.google.com/base/feeds/snippets/18409154395025279191
b000ogsyk8,http://www.google.com/base/feeds/snippets/18395209041486825295
b000ogsyk8,http://www.google.com/base/feeds/snippets/18384570736596065295
b000ogsyk8,http://www.google.com/base/feeds/snippets/18409154395025279191
b000ndid26,http://www.google.com/base/feeds/snippets/18395209041486825295
b000ndid26,http://www.google.com/base/feeds/snippets/18384570736596065295
b000ndid26,http://www.google.com/base/feeds/snippets/18409154395025279191
b000ndid62,http://www.google.com/base/feeds/snippets/18395209041486825295
b000ndid62,http://www.google.com/base/feeds/snippets/18384570736596065295
b000ndid62,http://www.google.com/base/feeds/snippets/18409154395025279191
b000cs3sh2,http://www.google.com/base/feeds/snippets/18395209041486825295
b000cs3sh2,http://www.google.com/base/feeds/snippets/18384570736596065295
b000cs3sh2,http://www.google.com/base/feeds/snippets/18409154395025279191
b000ndibvo,http://www.google.com/base/feeds/snippets/18395209041486825295
b000ndibvo,http://www.google.com/base/feeds/snippets/18384570736596065295
b000ndibvo,http://www.google.com/base/feeds/snippets/18409154395025279191
b000lz6a5i,http://www.google.com/base/feeds/snippets/18395209041486825295
b000lz6a5i,http://www.google.com/base/feeds/snippets/18384570736596065295
b000lz6a5i,http://www.google.com/base/feeds/snippets/18409154395025279191
b000ndid4y,http://www.google.com/base/feeds/snippets/18395209041486825295
b000ndid4y,http://www.google.com/base/feeds/snippets/18384570736596065295
b000ndid4y,http://www.google.com/base/feeds/snippets/18409154395025279191
b000ndible,http://www.google.com/base/feeds/snippets/18395209041486825295
b000ndible,http://www.google.com/base/feeds/snippets/18384570736596065295
b000ndible,http://www.google.com/base/feeds/snippets/18409154395025279191
b000o26lo8,http://www.google.com/base/feeds/snippets/18395209041486825295
b000o26lo8,http://www.google.com/base/feeds/snippets/18384570736596065295
b000o26lo8,http://www.google.com/base/feeds/snippets/18409154395025279191
b000ndibe6,http://www.google.com/base/feeds/snippets/18395209041486825295
b000ndibe6,http://www.google.com/base/feeds/snippets/18384570736596065295
b000ndibe6,http://www.google.com/base/feeds/snippets/18409154395025279191
b000cs3s2m,http://www.google.com/base/feeds/snippets/18395209041486825295
b000cs3s2m,http://www.google.com/base/feeds/snippets/18384570736596065295
b000cs3s2m,http://www.google.com/base/feeds/snippets/18409154395025279191
b000ndibri,http://www.google.com/base/feeds/snippets/18395209041486825295
b000ndibri,http://www.google.com/base/feeds/snippets/18384570736596065295
b000ndibri,http://www.google.com/base/feeds/snippets/18409154395025279191
b0001an1n2,http://www.google.com/base/feeds/snippets/18395209041486825295
b0001an1n2,http://www.google.com/base/feeds/snippets/18384570736596065295
b0001an1n2,http://www.google.com/base/feeds/snippets/18409154395025279191
b000o27qfq,http://www.google.com/base/feeds/snippets/18395209041486825295
b000o27qfq,http://www.google.com/base/feeds/snippets/18384570736596065295
b000o27qfq,http://www.google.com/base/feeds/snippets/18409154395025279191
b000ndibwi,http://www.google.com/base/feeds/snippets/18395209041486825295
b000ndibwi,http://www.google.com/base/feeds/snippets/18384570736596065295
b000ndibwi,http://www.google.com/base/feeds/snippets/18409154395025279191
b000o27ti0,http://www.google.com/base/feeds/snippets/18395209041486825295
b000o27ti0,http://www.google.com/base/feeds/snippets/18384570736596065295
b000o27ti0,http://www.google.com/base/feeds/snippets/18409154395025279191
b000ofnrhy,http://www.google.com/base/feeds/snippets/18395209041486825295
b000ofnrhy,http://www.google.com/base/feeds/snippets/18384570736596065295
b000ofnrhy,http://www.google.com/base/feeds/snippets/18409154395025279191
b000ndicpy,http://www.google.com/base/feeds/snippets/18395209041486825295
b000ndicpy,http://www.google.com/base/feeds/snippets/18384570736596065295
b000ndicpy,http://www.google.com/base/feeds/snippets/18409154395025279191
b000i8od5w,http://www.google.com/base/feeds/snippets/18395209041486825295
b000i8od5w,http://www.google.com/base/feeds/snippets/18384570736596065295
b000i8od5w,http://www.google.com/base/feeds/snippets/18409154395025279191
b000ub6avc,http://www.google.com/base/feeds/snippets/18395209041486825295
b000ub6avc,http://www.google.com/base/feeds/snippets/18384570736596065295
b000ub6avc,http://www.google.com/base/feeds/snippets/18409154395025279191
b000mg2kpk,http://www.google.com/base/feeds/snippets/18395209041486825295
b000mg2kpk,http://www.google.com/base/feeds/snippets/18384570736596065295
b000mg2kpk,http://www.google.com/base/feeds/snippets/18409154395025279191
b000ofnri8,http://www.google.com/base/feeds/snippets/18395209041486825295
b000ofnri8,http://www.google.com/base/feeds/snippets/18384570736596065295
b000ofnri8,http://www.google.com/base/feeds/snippets/18409154395025279191
b00081i6ji,http://www.google.com/base/feeds/snippets/18395209041486825295
b00081i6ji,http://www.google.com/base/feeds/snippets/18384570736596065295
b00081i6ji,http://www.google.com/base/feeds/snippets/18409154395025279191
b000ndib8m,http://www.google.com/base/feeds/snippets/18395209041486825295
b000ndib8m,http://www.google.com/base/feeds/snippets/18384570736596065295
b000ndib8m,http://www.google.com/base/feeds/snippets/18409154395025279191
b000ndibjq,http://www.google.com/base/feeds/snippets/18395209041486825295
b000ndibjq,http://www.google.com/base/feeds/snippets/18384570736596065295
b000ndibjq,http://www.google.com/base/feeds/snippets/18409154395025279191
b000ndibqy,http://www.google.com/base/feeds/snippets/18395209041486825295
b000ndibqy,http://www.google.com/base/feeds/snippets/18384570736596065295
b000ndibqy,http://www.google.com/base/feeds/snippets/18409154395025279191
b000ndichc,http://www.google.com/base/feeds/snippets/18395209041486825295
b000ndichc,http://www.google.com/base/feeds/snippets/18384570736596065295
b000ndichc,http://www.google.com/base/feeds/snippets/18409154395025279191
b000o231le,http://www.google.com/base/feeds/snippets/18395209041486825295
b000o231le,http://www.google.com/base/feeds/snippets/18384570736596065295
b000o231le,http://www.google.com/base/feeds/snippets/18409154395025279191
b000ogsyjy,http://www.google.com/base/feeds/snippets/18395209041486825295
b000ogsyjy,http://www.google.com/base/feeds/snippets/18384570736596065295
b000ogsyjy,http://www.google.com/base/feeds/snippets/18409154395025279191
b000ogsgzq,http://www.google.com/base/feeds/snippets/18395209041486825295
b000ogsgzq,http://www.google.com/base/feeds/snippets/18384570736596065295
b000ogsgzq,http://www.google.com/base/feeds/snippets/18409154395025279191
b000ogsh3c,http://www.google.com/base/feeds/snippets/18395209041486825295
b000ogsh3c,http://www.google.com/base/feeds/snippets/18384570736596065295
b000ogsh3c,http://www.google.com/base/feeds/snippets/18409154395025279191
b000ndibkk,http://www.google.com/base/feeds/snippets/18395209041486825295
b000ndibkk,http://www.google.com/base/feeds/snippets/18384570736596065295
b000ndibkk,http://www.google.com/base/feeds/snippets/18409154395025279191
b000ndib96,http://www.google.com/base/feeds/snippets/18395209041486825295
b000ndib96,http://www.google.com/base/feeds/snippets/18384570736596065295
b000ndib96,http://www.google.com/base/feeds/snippets/18409154395025279191
b000ndicze,http://www.google.com/base/feeds/snippets/18395209041486825295
b000ndicze,http://www.google.com/base/feeds/snippets/18384570736596065295
b000ndicze,http://www.google.com/base/feeds/snippets/18409154395025279191
b000ndibl4,http://www.google.com/base/feeds/snippets/18395209041486825295
b000ndibl4,http://www.google.com/base/feeds/snippets/18384570736596065295
b000ndibl4,http://www.google.com/base/feeds/snippets/18409154395025279191
b0002735fi,http://www.google.com/base/feeds/snippets/18395209041486825295
b0002735fi,http://www.google.com/base/feeds/snippets/18384570736596065295
b0002735fi,http://www.google.com/base/feeds/snippets/18409154395025279191
b000ub66ha,http://www.google.com/base/feeds/snippets/18395209041486825295
b000ub66ha,http://www.google.com/base/feeds/snippets/18384570736596065295
b000ub66ha,http://www.google.com/base/feeds/snippets/18409154395025279191
b000iaolaw,http://www.google.com/base/feeds/snippets/18395209041486825295
b000iaolaw,http://www.google.com/base/feeds/snippets/18384570736596065295
b000iaolaw,http://www.google.com/base/feeds/snippets/18409154395025279191
b000ndibbo,http://www.google.com/base/feeds/snippets/18395209041486825295
b000ndibbo,http://www.google.com/base/feeds/snippets/18384570736596065295
b000ndibbo,http://www.google.com/base/feeds/snippets/18409154395025279191
b000ndibge,http://www.google.com/base/feeds/snippets/18395209041486825295
b000ndibge,http://www.google.com/base/feeds/snippets/18384570736596065295
b000ndibge,http://www.google.com/base/feeds/snippets/18409154395025279191
b000bdezfw,http://www.google.com/base/feeds/snippets/18395209041486825295
b000bdezfw,http://www.google.com/base/feeds/snippets/18384570736596065295
b000bdezfw,http://www.google.com/base/feeds/snippets/18409154395025279191
b000i8od3y,http://www.google.com/base/feeds/snippets/18395209041486825295
b000i8od3y,http://www.google.com/base/feeds/snippets/18384570736596065295
b000i8od3y,http://www.google.com/base/feeds/snippets/18409154395025279191
b000ndicqi,http://www.google.com/base/feeds/snippets/18395209041486825295
b000ndicqi,http://www.google.com/base/feeds/snippets/18384570736596065295
b000ndicqi,http://www.google.com/base/feeds/snippets/18409154395025279191
b000o27rgy,http://www.google.com/base/feeds/snippets/18395209041486825295
b000o27rgy,http://www.google.com/base/feeds/snippets/18384570736596065295
b000o27rgy,http://www.google.com/base/feeds/snippets/18409154395025279191
b000oftj8u,http://www.google.com/base/feeds/snippets/18395209041486825295
b000oftj8u,http://www.google.com/base/feeds/snippets/18384570736596065295
b000oftj8u,http://www.google.com/base/feeds/snippets/18409154395025279191
b000ndick4,http://www.google.com/base/feeds/snippets/18395209041486825295
b000i8od48,http://www.google.com/base/feeds/snippets/12244614697089679523
b000bvbmci,http://www.google.com/base/feeds/snippets/18411096849519146392
b000042olp,http://www.google.com/base/feeds/snippets/11088627850800421808
b000042olp,http://www.google.com/base/feeds/snippets/2352395044671502272
b000b45pkk,http://www.google.com/base/feeds/snippets/18439765091608018992
b0006b64v2,http://www.google.com/base/feeds/snippets/18369825056478487049
b000ecqxjq,http://www.google.com/base/feeds/snippets/18369825056478487049
b000gw55es,http://www.google.com/base/feeds/snippets/18369825056478487049
b0007znn48,http://www.google.com/base/feeds/snippets/18369825056478487049
b000bi641a,http://www.google.com/base/feeds/snippets/18369825056478487049
b000exw524,http://www.google.com/base/feeds/snippets/18369825056478487049
b000cepgwg,http://www.google.com/base/feeds/snippets/18369825056478487049
b0006a5iwe,http://www.google.com/base/feeds/snippets/18369825056478487049
b000ixvqk2,http://www.google.com/base/feeds/snippets/18369825056478487049
b000lrdlia,http://www.google.com/base/feeds/snippets/18369825056478487049
b000n5meva,http://www.google.com/base/feeds/snippets/18369825056478487049
b000ep3gei,http://www.google.com/base/feeds/snippets/18369825056478487049
b000dz9yoa,http://www.google.com/base/feeds/snippets/18369825056478487049
b000pu7422,http://www.google.com/base/feeds/snippets/18369825056478487049
b0000vmimw,http://www.google.com/base/feeds/snippets/18369825056478487049
b000trgqqg,http://www.google.com/base/feeds/snippets/18369825056478487049
b0006b63rw,http://www.google.com/base/feeds/snippets/18369825056478487049
b000etjjae,http://www.google.com/base/feeds/snippets/18369825056478487049
b000ayxld4,http://www.google.com/base/feeds/snippets/18369825056478487049
b000feyg7o,http://www.google.com/base/feeds/snippets/18369825056478487049
b000jgqt28,http://www.google.com/base/feeds/snippets/18369825056478487049
b000qd9f5w,http://www.google.com/base/feeds/snippets/18369825056478487049
b0002w30e4,http://www.google.com/base/feeds/snippets/18369825056478487049
b000b6n2oe,http://www.google.com/base/feeds/snippets/18369825056478487049
b000lff13k,http://www.google.com/base/feeds/snippets/18369825056478487049
b00005v55b,http://www.google.com/base/feeds/snippets/18369825056478487049
b000tdgyks,http://www.google.com/base/feeds/snippets/18369825056478487049
b00099qrok,http://www.google.com/base/feeds/snippets/18396354299258717606
b000hkgj8k,http://www.google.com/base/feeds/snippets/18400894852843283701
b000hkgj8k,http://www.google.com/base/feeds/snippets/18412791404030697965
b0009xb12o,http://www.google.com/base/feeds/snippets/18400894852843283701
b0009xb12o,http://www.google.com/base/feeds/snippets/18412791404030697965
b0006zf55o,http://www.google.com/base/feeds/snippets/18367097829354438075
b000i84dsy,http://www.google.com/base/feeds/snippets/18367097829354438075
b000fbgate,http://www.google.com/base/feeds/snippets/18367097829354438075
b00073fl7w,http://www.google.com/base/feeds/snippets/18367097829354438075
b000fbgaqc,http://www.google.com/base/feeds/snippets/18367097829354438075
b000ecoami,http://www.google.com/base/feeds/snippets/18367097829354438075
b000fbgav2,http://www.google.com/base/feeds/snippets/18367097829354438075
b000fbgae4,http://www.google.com/base/feeds/snippets/18367097829354438075
b000ayznhg,http://www.google.com/base/feeds/snippets/18367097829354438075
b000bgj09k,http://www.google.com/base/feeds/snippets/18367097829354438075
b000fbgapi,http://www.google.com/base/feeds/snippets/18367097829354438075
b000fbgaia,http://www.google.com/base/feeds/snippets/18367097829354438075
b000i7zabo,http://www.google.com/base/feeds/snippets/18367097829354438075
b000in6u62,http://www.google.com/base/feeds/snippets/18418631443367666576
b000in6u62,http://www.google.com/base/feeds/snippets/18371416588940021581
b000in6u62,http://www.google.com/base/feeds/snippets/2914315195947217599
b000ozibhk,http://www.google.com/base/feeds/snippets/18418631443367666576
b000ozibhk,http://www.google.com/base/feeds/snippets/18371416588940021581
b000ozibhk,http://www.google.com/base/feeds/snippets/2914315195947217599
b000ffsgga,http://www.google.com/base/feeds/snippets/18418631443367666576
b000ffsgga,http://www.google.com/base/feeds/snippets/18371416588940021581
b000ffsgga,http://www.google.com/base/feeds/snippets/2914315195947217599
b000io79mu,http://www.google.com/base/feeds/snippets/18418631443367666576
b000io79mu,http://www.google.com/base/feeds/snippets/18371416588940021581
b000io79mu,http://www.google.com/base/feeds/snippets/2914315195947217599
b000dzfdbi,http://www.google.com/base/feeds/snippets/18418631443367666576
b000dzfdbi,http://www.google.com/base/feeds/snippets/18371416588940021581
b000dzfdbi,http://www.google.com/base/feeds/snippets/2914315195947217599
b000ftpmc2,http://www.google.com/base/feeds/snippets/18418631443367666576
b000ftpmc2,http://www.google.com/base/feeds/snippets/18371416588940021581
b000ftpmc2,http://www.google.com/base/feeds/snippets/2914315195947217599
b000gcgqd2,http://www.google.com/base/feeds/snippets/18418631443367666576
b000gcgqd2,http://www.google.com/base/feeds/snippets/18371416588940021581
b000gcgqd2,http://www.google.com/base/feeds/snippets/2914315195947217599
b000e6mjig,http://www.google.com/base/feeds/snippets/18418631443367666576
b000e6mjig,http://www.google.com/base/feeds/snippets/18371416588940021581
b000e6mjig,http://www.google.com/base/feeds/snippets/2914315195947217599
b000frqfe8,http://www.google.com/base/feeds/snippets/18418631443367666576
b000frqfe8,http://www.google.com/base/feeds/snippets/18371416588940021581
b000frqfe8,http://www.google.com/base/feeds/snippets/2914315195947217599
b000ea9u2a,http://www.google.com/base/feeds/snippets/18418631443367666576
b000ea9u2a,http://www.google.com/base/feeds/snippets/18371416588940021581
b000ea9u2a,http://www.google.com/base/feeds/snippets/2914315195947217599
b000in6tnq,http://www.google.com/base/feeds/snippets/18418631443367666576
b000in6tnq,http://www.google.com/base/feeds/snippets/18371416588940021581
b000in6tnq,http://www.google.com/base/feeds/snippets/2914315195947217599
b000kmaa8a,http://www.google.com/base/feeds/snippets/18418631443367666576
b000kmaa8a,http://www.google.com/base/feeds/snippets/18371416588940021581
b000kmaa8a,http://www.google.com/base/feeds/snippets/2914315195947217599
b0009hl34q,http://www.google.com/base/feeds/snippets/18421148872586071492
b0002719lk,http://www.google.com/base/feeds/snippets/18416093365515680633
b000162zp6,http://www.google.com/base/feeds/snippets/18423412970630780827
b000162zp6,http://www.google.com/base/feeds/snippets/18424247759201075212
b000jj4fbw,http://www.google.com/base/feeds/snippets/18423412970630780827
b000jj4fbw,http://www.google.com/base/feeds/snippets/18424247759201075212
b000162zq0,http://www.google.com/base/feeds/snippets/18423412970630780827
b000162zq0,http://www.google.com/base/feeds/snippets/18424247759201075212
b0006b4zr2,http://www.google.com/base/feeds/snippets/18423412970630780827
b0006b4zr2,http://www.google.com/base/feeds/snippets/18424247759201075212
b0000696oh,http://www.google.com/base/feeds/snippets/18423412970630780827
b0000696oh,http://www.google.com/base/feeds/snippets/18424247759201075212
b000v7rij8,http://www.google.com/base/feeds/snippets/18423412970630780827
b000v7rij8,http://www.google.com/base/feeds/snippets/18424247759201075212
b000szzpi4,http://www.google.com/base/feeds/snippets/18423412970630780827
b000szzpi4,http://www.google.com/base/feeds/snippets/18424247759201075212
b000h1de00,http://www.google.com/base/feeds/snippets/18423412970630780827
b000h1de00,http://www.google.com/base/feeds/snippets/18424247759201075212
b000afkxso,http://www.google.com/base/feeds/snippets/18423412970630780827
b000afkxso,http://www.google.com/base/feeds/snippets/18424247759201075212
b000h2can6,http://www.google.com/base/feeds/snippets/18423412970630780827
b000h2can6,http://www.google.com/base/feeds/snippets/18424247759201075212
b0000c4m1w,http://www.google.com/base/feeds/snippets/18423412970630780827
b0000c4m1w,http://www.google.com/base/feeds/snippets/18424247759201075212
b000gamysk,http://www.google.com/base/feeds/snippets/18423412970630780827
b000gamysk,http://www.google.com/base/feeds/snippets/18424247759201075212
b000051sgq,http://www.google.com/base/feeds/snippets/18423412970630780827
b000051sgq,http://www.google.com/base/feeds/snippets/18424247759201075212
b00023azve,http://www.google.com/base/feeds/snippets/18425416409544307946
b00023azve,http://www.google.com/base/feeds/snippets/18406000514365649458
b00023azve,http://www.google.com/base/feeds/snippets/18395787464051623418
b000h22pg8,http://www.google.com/base/feeds/snippets/18425416409544307946
b000h22pg8,http://www.google.com/base/feeds/snippets/18406000514365649458
b000h22pg8,http://www.google.com/base/feeds/snippets/18395787464051623418
b000h22rbg,http://www.google.com/base/feeds/snippets/18425416409544307946
b000h22rbg,http://www.google.com/base/feeds/snippets/18406000514365649458
b000h22rbg,http://www.google.com/base/feeds/snippets/18395787464051623418
b000ozhfsq,http://www.google.com/base/feeds/snippets/18425416409544307946
b000ozhfsq,http://www.google.com/base/feeds/snippets/18406000514365649458
b000ozhfsq,http://www.google.com/base/feeds/snippets/18395787464051623418
b000h20hu4,http://www.google.com/base/feeds/snippets/18425416409544307946
b000h20hu4,http://www.google.com/base/feeds/snippets/18406000514365649458
b000h20hu4,http://www.google.com/base/feeds/snippets/18395787464051623418
b000o39u3g,http://www.google.com/base/feeds/snippets/18425416409544307946
b000o39u3g,http://www.google.com/base/feeds/snippets/18406000514365649458
b000o39u3g,http://www.google.com/base/feeds/snippets/18395787464051623418
b000ozjtoo,http://www.google.com/base/feeds/snippets/18425416409544307946
b000ozjtoo,http://www.google.com/base/feeds/snippets/18406000514365649458
b000ozjtoo,http://www.google.com/base/feeds/snippets/18395787464051623418
b000nknb44,http://www.google.com/base/feeds/snippets/18425416409544307946
b000nknb44,http://www.google.com/base/feeds/snippets/18406000514365649458
b000nknb44,http://www.google.com/base/feeds/snippets/18395787464051623418
b0009yn1rq,http://www.google.com/base/feeds/snippets/18425416409544307946
b0009yn1rq,http://www.google.com/base/feeds/snippets/18406000514365649458
b0009yn1rq,http://www.google.com/base/feeds/snippets/18395787464051623418
b000h1xy3m,http://www.google.com/base/feeds/snippets/18425416409544307946
b000h1xy3m,http://www.google.com/base/feeds/snippets/18406000514365649458
b000h1xy3m,http://www.google.com/base/feeds/snippets/18395787464051623418
b000piht7e,http://www.google.com/base/feeds/snippets/18425416409544307946
b000piht7e,http://www.google.com/base/feeds/snippets/18406000514365649458
b000piht7e,http://www.google.com/base/feeds/snippets/18395787464051623418
b000o39tgo,http://www.google.com/base/feeds/snippets/18425416409544307946
b000o39tgo,http://www.google.com/base/feeds/snippets/18406000514365649458
b000o39tgo,http://www.google.com/base/feeds/snippets/18395787464051623418
b00009nfc1,http://www.google.com/base/feeds/snippets/18425416409544307946
b00009nfc1,http://www.google.com/base/feeds/snippets/18406000514365649458
b00009nfc1,http://www.google.com/base/feeds/snippets/18395787464051623418
b000sqnbp2,http://www.google.com/base/feeds/snippets/18425416409544307946
b000sqnbp2,http://www.google.com/base/feeds/snippets/18406000514365649458
b000sqnbp2,http://www.google.com/base/feeds/snippets/18395787464051623418
b000h25yoi,http://www.google.com/base/feeds/snippets/18425416409544307946
b000h25yoi,http://www.google.com/base/feeds/snippets/18406000514365649458
b000h25yoi,http://www.google.com/base/feeds/snippets/18395787464051623418
b0007sxgn8,http://www.google.com/base/feeds/snippets/18425416409544307946
b0007sxgn8,http://www.google.com/base/feeds/snippets/18406000514365649458
b0007sxgn8,http://www.google.com/base/feeds/snippets/18395787464051623418
b000h27psq,http://www.google.com/base/feeds/snippets/18425416409544307946
b000h27psq,http://www.google.com/base/feeds/snippets/18406000514365649458
b000h27psq,http://www.google.com/base/feeds/snippets/18395787464051623418
b000h241zg,http://www.google.com/base/feeds/snippets/18425416409544307946
b000h241zg,http://www.google.com/base/feeds/snippets/18406000514365649458
b000h241zg,http://www.google.com/base/feeds/snippets/18395787464051623418
b000hhzie4,http://www.google.com/base/feeds/snippets/18425416409544307946
b000hhzie4,http://www.google.com/base/feeds/snippets/18406000514365649458
b000hhzie4,http://www.google.com/base/feeds/snippets/18395787464051623418
b000ra5bmk,http://www.google.com/base/feeds/snippets/18425416409544307946
b000ra5bmk,http://www.google.com/base/feeds/snippets/18406000514365649458
b000ra5bmk,http://www.google.com/base/feeds/snippets/18395787464051623418
b0009yx9bo,http://www.google.com/base/feeds/snippets/18425416409544307946
b0009yx9bo,http://www.google.com/base/feeds/snippets/18406000514365649458
b0009yx9bo,http://www.google.com/base/feeds/snippets/18395787464051623418
b000jx1kdy,http://www.google.com/base/feeds/snippets/18425416409544307946
b000jx1kdy,http://www.google.com/base/feeds/snippets/18406000514365649458
b000jx1kdy,http://www.google.com/base/feeds/snippets/18395787464051623418
b000h229d2,http://www.google.com/base/feeds/snippets/18425416409544307946
b000h229d2,http://www.google.com/base/feeds/snippets/18406000514365649458
b000h229d2,http://www.google.com/base/feeds/snippets/18395787464051623418
b000lu89uc,http://www.google.com/base/feeds/snippets/18425416409544307946
b000lu89uc,http://www.google.com/base/feeds/snippets/18406000514365649458
b000lu89uc,http://www.google.com/base/feeds/snippets/18395787464051623418
b000hhvb2w,http://www.google.com/base/feeds/snippets/18425416409544307946
b000hhvb2w,http://www.google.com/base/feeds/snippets/18406000514365649458
b000hhvb2w,http://www.google.com/base/feeds/snippets/18395787464051623418
b0007sxglk,http://www.google.com/base/feeds/snippets/18425416409544307946
b0007sxglk,http://www.google.com/base/feeds/snippets/18406000514365649458
b0007sxglk,http://www.google.com/base/feeds/snippets/18395787464051623418
b0007sxgmo,http://www.google.com/base/feeds/snippets/18425416409544307946
b0007sxgmo,http://www.google.com/base/feeds/snippets/18406000514365649458
b0007sxgmo,http://www.google.com/base/feeds/snippets/18395787464051623418
b000b6oboo,http://www.google.com/base/feeds/snippets/18425416409544307946
b000b6oboo,http://www.google.com/base/feeds/snippets/18406000514365649458
b000b6oboo,http://www.google.com/base/feeds/snippets/18395787464051623418
b000hlp5yi,http://www.google.com/base/feeds/snippets/18425416409544307946
b000hlp5yi,http://www.google.com/base/feeds/snippets/18406000514365649458
b000hlp5yi,http://www.google.com/base/feeds/snippets/18395787464051623418
b000hhvb9k,http://www.google.com/base/feeds/snippets/18425416409544307946
b000hhvb9k,http://www.google.com/base/feeds/snippets/18406000514365649458
b000hhvb9k,http://www.google.com/base/feeds/snippets/18395787464051623418
b000h241x8,http://www.google.com/base/feeds/snippets/18425416409544307946
b000h241x8,http://www.google.com/base/feeds/snippets/18406000514365649458
b000h241x8,http://www.google.com/base/feeds/snippets/18395787464051623418
b000o39u3q,http://www.google.com/base/feeds/snippets/18425416409544307946
b000o39u3q,http://www.google.com/base/feeds/snippets/18406000514365649458
b000o39u3q,http://www.google.com/base/feeds/snippets/18395787464051623418
b000hlp5wa,http://www.google.com/base/feeds/snippets/18425416409544307946
b000hlp5wa,http://www.google.com/base/feeds/snippets/18406000514365649458
b000hlp5wa,http://www.google.com/base/feeds/snippets/18395787464051623418
b000hi1i9c,http://www.google.com/base/feeds/snippets/18425416409544307946
b000hi1i9c,http://www.google.com/base/feeds/snippets/18406000514365649458
b000hi1i9c,http://www.google.com/base/feeds/snippets/18395787464051623418
b000m6xk4k,http://www.google.com/base/feeds/snippets/18425416409544307946
b000m6xk4k,http://www.google.com/base/feeds/snippets/18406000514365649458
b000m6xk4k,http://www.google.com/base/feeds/snippets/18395787464051623418
b000hlt5g2,http://www.google.com/base/feeds/snippets/18425416409544307946
b000hlt5g2,http://www.google.com/base/feeds/snippets/18406000514365649458
b000hlt5g2,http://www.google.com/base/feeds/snippets/18395787464051623418
b000hhxevi,http://www.google.com/base/feeds/snippets/18425416409544307946
b000hhxevi,http://www.google.com/base/feeds/snippets/18406000514365649458
b000hhxevi,http://www.google.com/base/feeds/snippets/18395787464051623418
b000h24200,http://www.google.com/base/feeds/snippets/18425416409544307946
b000h24200,http://www.google.com/base/feeds/snippets/18406000514365649458
b000h24200,http://www.google.com/base/feeds/snippets/18395787464051623418
b000ra77bs,http://www.google.com/base/feeds/snippets/18425416409544307946
b000ra77bs,http://www.google.com/base/feeds/snippets/18406000514365649458
b000ra77bs,http://www.google.com/base/feeds/snippets/18395787464051623418
b000hi1i6u,http://www.google.com/base/feeds/snippets/18425416409544307946
b000hi1i6u,http://www.google.com/base/feeds/snippets/18406000514365649458
b000hi1i6u,http://www.google.com/base/feeds/snippets/18395787464051623418
b000o3bge2,http://www.google.com/base/feeds/snippets/18425416409544307946
b000o3bge2,http://www.google.com/base/feeds/snippets/18406000514365649458
b000o3bge2,http://www.google.com/base/feeds/snippets/18395787464051623418
b000ra3l3g,http://www.google.com/base/feeds/snippets/18425416409544307946
b000ra3l3g,http://www.google.com/base/feeds/snippets/18406000514365649458
b000ra3l3g,http://www.google.com/base/feeds/snippets/18395787464051623418
b0000990y7,http://www.google.com/base/feeds/snippets/18425416409544307946
b0000990y7,http://www.google.com/base/feeds/snippets/18406000514365649458
b0000990y7,http://www.google.com/base/feeds/snippets/18395787464051623418
b000o39u8q,http://www.google.com/base/feeds/snippets/18425416409544307946
b000o39u8q,http://www.google.com/base/feeds/snippets/18406000514365649458
b000o39u8q,http://www.google.com/base/feeds/snippets/18395787464051623418
b000ra778g,http://www.google.com/base/feeds/snippets/18425416409544307946
b000ra778g,http://www.google.com/base/feeds/snippets/18406000514365649458
b000ra778g,http://www.google.com/base/feeds/snippets/18395787464051623418
b000ra20uq,http://www.google.com/base/feeds/snippets/18425416409544307946
b000ra20uq,http://www.google.com/base/feeds/snippets/18406000514365649458
b000ra20uq,http://www.google.com/base/feeds/snippets/18395787464051623418
b000ie8u4g,http://www.google.com/base/feeds/snippets/18425416409544307946
b000ie8u4g,http://www.google.com/base/feeds/snippets/18406000514365649458
b000ie8u4g,http://www.google.com/base/feeds/snippets/18395787464051623418
b000io7a9m,http://www.google.com/base/feeds/snippets/18425416409544307946
b000io7a9m,http://www.google.com/base/feeds/snippets/18406000514365649458
b000io7a9m,http://www.google.com/base/feeds/snippets/18395787464051623418
b000ieaplw,http://www.google.com/base/feeds/snippets/18425416409544307946
b000ieaplw,http://www.google.com/base/feeds/snippets/18406000514365649458
b000ieaplw,http://www.google.com/base/feeds/snippets/18395787464051623418
b000hlp5w0,http://www.google.com/base/feeds/snippets/18425416409544307946
b000hlp5w0,http://www.google.com/base/feeds/snippets/18406000514365649458
b000hlp5w0,http://www.google.com/base/feeds/snippets/18395787464051623418
b000hhvbdq,http://www.google.com/base/feeds/snippets/18425416409544307946
b000hhvbdq,http://www.google.com/base/feeds/snippets/18406000514365649458
b000hhvbdq,http://www.google.com/base/feeds/snippets/18395787464051623418
b0007sxgla,http://www.google.com/base/feeds/snippets/18425416409544307946
b0007sxgla,http://www.google.com/base/feeds/snippets/18406000514365649458
b0007sxgla,http://www.google.com/base/feeds/snippets/18395787464051623418
b000m6wlyk,http://www.google.com/base/feeds/snippets/18425416409544307946
b000m6wlyk,http://www.google.com/base/feeds/snippets/18406000514365649458
b000m6wlyk,http://www.google.com/base/feeds/snippets/18395787464051623418
b000hhxeuo,http://www.google.com/base/feeds/snippets/18425416409544307946
b000hhxeuo,http://www.google.com/base/feeds/snippets/18406000514365649458
b000hhxeuo,http://www.google.com/base/feeds/snippets/18395787464051623418
b000o3bj3k,http://www.google.com/base/feeds/snippets/18425416409544307946
b000o3bj3k,http://www.google.com/base/feeds/snippets/18406000514365649458
b000o3bj3k,http://www.google.com/base/feeds/snippets/18395787464051623418
b000o3d9ce,http://www.google.com/base/feeds/snippets/18425416409544307946
b000o3d9ce,http://www.google.com/base/feeds/snippets/18406000514365649458
b000o3d9ce,http://www.google.com/base/feeds/snippets/18395787464051623418
b00021lrw2,http://www.google.com/base/feeds/snippets/18425416409544307946
b00021lrw2,http://www.google.com/base/feeds/snippets/18406000514365649458
b00021lrw2,http://www.google.com/base/feeds/snippets/18395787464051623418
b000hlt5hq,http://www.google.com/base/feeds/snippets/18425416409544307946
b000hlt5hq,http://www.google.com/base/feeds/snippets/18406000514365649458
b000hlt5hq,http://www.google.com/base/feeds/snippets/18395787464051623418
b000pijt6i,http://www.google.com/base/feeds/snippets/18425416409544307946
b000pijt6i,http://www.google.com/base/feeds/snippets/18406000514365649458
b000pijt6i,http://www.google.com/base/feeds/snippets/18395787464051623418
b000h229fa,http://www.google.com/base/feeds/snippets/18425416409544307946
b000h229fa,http://www.google.com/base/feeds/snippets/18406000514365649458
b000h229fa,http://www.google.com/base/feeds/snippets/18395787464051623418
b000hhvb5e,http://www.google.com/base/feeds/snippets/18425416409544307946
b000hhvb5e,http://www.google.com/base/feeds/snippets/18406000514365649458
b000hhvb5e,http://www.google.com/base/feeds/snippets/18395787464051623418
b000hi1i2e,http://www.google.com/base/feeds/snippets/18425416409544307946
b000hi1i2e,http://www.google.com/base/feeds/snippets/18406000514365649458
b000hi1i2e,http://www.google.com/base/feeds/snippets/18395787464051623418
b000bnkbdm,http://www.google.com/base/feeds/snippets/16616660579258130158
b000bnkbdm,http://www.google.com/base/feeds/snippets/7436299398173390476
b000bnkbdm,http://www.google.com/base/feeds/snippets/17001745805951209994
b000bnkbdm,http://www.google.com/base/feeds/snippets/2051052198305837874
b000bnkbdm,http://www.google.com/base/feeds/snippets/10584509515076384561
b000bnkbdm,http://www.google.com/base/feeds/snippets/17043638434818426828
b000bnkbdm,http://www.google.com/base/feeds/snippets/14475459923483732533
b000bnkbdm,http://www.google.com/base/feeds/snippets/17283219592038470822
b000bnkbdm,http://www.google.com/base/feeds/snippets/6367001887450885036
b000bnkbdm,http://www.google.com/base/feeds/snippets/4438536007009905048
b000bnkbdm,http://www.google.com/base/feeds/snippets/1396332825410491679
b000bnkbdm,http://www.google.com/base/feeds/snippets/10174922529198980140
b000bnkbdm,http://www.google.com/base/feeds/snippets/5731024225928729610
b000bnkbdm,http://www.google.com/base/feeds/snippets/13657143785989719452
b000bnkbdm,http://www.google.com/base/feeds/snippets/12440223377432574651
b000bnkbdm,http://www.google.com/base/feeds/snippets/4268441331041279311
b000bnkbdm,http://www.google.com/base/feeds/snippets/3378455499758273927
b000bnkbdm,http://www.google.com/base/feeds/snippets/4741351224134296286
b000bnkbdm,http://www.google.com/base/feeds/snippets/4555576140890007510
b000bnkbdm,http://www.google.com/base/feeds/snippets/6602957427027083509
b000bnkbdm,http://www.google.com/base/feeds/snippets/11499682706399649004
b000bnkbdm,http://www.google.com/base/feeds/snippets/10757354746167605311
b000bnkbdm,http://www.google.com/base/feeds/snippets/10698225613963200917
b000bnkbdm,http://www.google.com/base/feeds/snippets/12978712482004335346
b000bh3dbk,http://www.google.com/base/feeds/snippets/16616660579258130158
b000bh3dbk,http://www.google.com/base/feeds/snippets/7436299398173390476
b000bh3dbk,http://www.google.com/base/feeds/snippets/17001745805951209994
b000bh3dbk,http://www.google.com/base/feeds/snippets/2051052198305837874
b000bh3dbk,http://www.google.com/base/feeds/snippets/10584509515076384561
b000bh3dbk,http://www.google.com/base/feeds/snippets/17043638434818426828
b000bh3dbk,http://www.google.com/base/feeds/snippets/14475459923483732533
b000bh3dbk,http://www.google.com/base/feeds/snippets/17283219592038470822
b000bh3dbk,http://www.google.com/base/feeds/snippets/6367001887450885036
b000bh3dbk,http://www.google.com/base/feeds/snippets/4438536007009905048
b000bh3dbk,http://www.google.com/base/feeds/snippets/1396332825410491679
b000bh3dbk,http://www.google.com/base/feeds/snippets/10174922529198980140
b000bh3dbk,http://www.google.com/base/feeds/snippets/5731024225928729610
b000bh3dbk,http://www.google.com/base/feeds/snippets/13657143785989719452
b000bh3dbk,http://www.google.com/base/feeds/snippets/12440223377432574651
b000bh3dbk,http://www.google.com/base/feeds/snippets/4268441331041279311
b000bh3dbk,http://www.google.com/base/feeds/snippets/3378455499758273927
b000bh3dbk,http://www.google.com/base/feeds/snippets/4741351224134296286
b000bh3dbk,http://www.google.com/base/feeds/snippets/4555576140890007510
b000bh3dbk,http://www.google.com/base/feeds/snippets/6602957427027083509
b000bh3dbk,http://www.google.com/base/feeds/snippets/11499682706399649004
b000bh3dbk,http://www.google.com/base/feeds/snippets/10757354746167605311
b000bh3dbk,http://www.google.com/base/feeds/snippets/10698225613963200917
b000bh3dbk,http://www.google.com/base/feeds/snippets/12978712482004335346
b000p9eqva,http://www.google.com/base/feeds/snippets/16616660579258130158
b000p9eqva,http://www.google.com/base/feeds/snippets/7436299398173390476
b000p9eqva,http://www.google.com/base/feeds/snippets/17001745805951209994
b000p9eqva,http://www.google.com/base/feeds/snippets/2051052198305837874
b000p9eqva,http://www.google.com/base/feeds/snippets/10584509515076384561
b000p9eqva,http://www.google.com/base/feeds/snippets/17043638434818426828
b000p9eqva,http://www.google.com/base/feeds/snippets/14475459923483732533
b000p9eqva,http://www.google.com/base/feeds/snippets/17283219592038470822
b000p9eqva,http://www.google.com/base/feeds/snippets/6367001887450885036
b000p9eqva,http://www.google.com/base/feeds/snippets/4438536007009905048
b000p9eqva,http://www.google.com/base/feeds/snippets/1396332825410491679
b000p9eqva,http://www.google.com/base/feeds/snippets/10174922529198980140
b000p9eqva,http://www.google.com/base/feeds/snippets/5731024225928729610
b000p9eqva,http://www.google.com/base/feeds/snippets/13657143785989719452
b000p9eqva,http://www.google.com/base/feeds/snippets/12440223377432574651
b000p9eqva,http://www.google.com/base/feeds/snippets/4268441331041279311
b000p9eqva,http://www.google.com/base/feeds/snippets/3378455499758273927
b000p9eqva,http://www.google.com/base/feeds/snippets/4741351224134296286
b000p9eqva,http://www.google.com/base/feeds/snippets/4555576140890007510
b000p9eqva,http://www.google.com/base/feeds/snippets/6602957427027083509
b000p9eqva,http://www.google.com/base/feeds/snippets/11499682706399649004
b000p9eqva,http://www.google.com/base/feeds/snippets/10757354746167605311
b000p9eqva,http://www.google.com/base/feeds/snippets/10698225613963200917
b000p9eqva,http://www.google.com/base/feeds/snippets/12978712482004335346
b0006vc3vc,http://www.google.com/base/feeds/snippets/16616660579258130158
b0006vc3vc,http://www.google.com/base/feeds/snippets/7436299398173390476
b0006vc3vc,http://www.google.com/base/feeds/snippets/17001745805951209994
b0006vc3vc,http://www.google.com/base/feeds/snippets/2051052198305837874
b0006vc3vc,http://www.google.com/base/feeds/snippets/10584509515076384561
b0006vc3vc,http://www.google.com/base/feeds/snippets/17043638434818426828
b0006vc3vc,http://www.google.com/base/feeds/snippets/14475459923483732533
b0006vc3vc,http://www.google.com/base/feeds/snippets/17283219592038470822
b0006vc3vc,http://www.google.com/base/feeds/snippets/6367001887450885036
b0006vc3vc,http://www.google.com/base/feeds/snippets/4438536007009905048
b0006vc3vc,http://www.google.com/base/feeds/snippets/1396332825410491679
b0006vc3vc,http://www.google.com/base/feeds/snippets/10174922529198980140
b0006vc3vc,http://www.google.com/base/feeds/snippets/5731024225928729610
b0006vc3vc,http://www.google.com/base/feeds/snippets/13657143785989719452
b0006vc3vc,http://www.google.com/base/feeds/snippets/12440223377432574651
b0006vc3vc,http://www.google.com/base/feeds/snippets/4268441331041279311
b0006vc3vc,http://www.google.com/base/feeds/snippets/3378455499758273927
b0006vc3vc,http://www.google.com/base/feeds/snippets/4741351224134296286
b0006vc3vc,http://www.google.com/base/feeds/snippets/4555576140890007510
b0006vc3vc,http://www.google.com/base/feeds/snippets/6602957427027083509
b0006vc3vc,http://www.google.com/base/feeds/snippets/11499682706399649004
b0006vc3vc,http://www.google.com/base/feeds/snippets/10757354746167605311
b0006vc3vc,http://www.google.com/base/feeds/snippets/10698225613963200917
b0006vc3vc,http://www.google.com/base/feeds/snippets/12978712482004335346
b0007ly3zu,http://www.google.com/base/feeds/snippets/16616660579258130158
b0007ly3zu,http://www.google.com/base/feeds/snippets/7436299398173390476
b0007ly3zu,http://www.google.com/base/feeds/snippets/17001745805951209994
b0007ly3zu,http://www.google.com/base/feeds/snippets/2051052198305837874
b0007ly3zu,http://www.google.com/base/feeds/snippets/10584509515076384561
b0007ly3zu,http://www.google.com/base/feeds/snippets/17043638434818426828
b0007ly3zu,http://www.google.com/base/feeds/snippets/14475459923483732533
b0007ly3zu,http://www.google.com/base/feeds/snippets/17283219592038470822
b0007ly3zu,http://www.google.com/base/feeds/snippets/6367001887450885036
b0007ly3zu,http://www.google.com/base/feeds/snippets/4438536007009905048
b0007ly3zu,http://www.google.com/base/feeds/snippets/1396332825410491679
b0007ly3zu,http://www.google.com/base/feeds/snippets/10174922529198980140
b0007ly3zu,http://www.google.com/base/feeds/snippets/5731024225928729610
b0007ly3zu,http://www.google.com/base/feeds/snippets/13657143785989719452
b0007ly3zu,http://www.google.com/base/feeds/snippets/12440223377432574651
b0007ly3zu,http://www.google.com/base/feeds/snippets/4268441331041279311
b0007ly3zu,http://www.google.com/base/feeds/snippets/3378455499758273927
b0007ly3zu,http://www.google.com/base/feeds/snippets/4741351224134296286
b0007ly3zu,http://www.google.com/base/feeds/snippets/4555576140890007510
b0007ly3zu,http://www.google.com/base/feeds/snippets/6602957427027083509
b0007ly3zu,http://www.google.com/base/feeds/snippets/11499682706399649004
b0007ly3zu,http://www.google.com/base/feeds/snippets/10757354746167605311
b0007ly3zu,http://www.google.com/base/feeds/snippets/10698225613963200917
b0007ly3zu,http://www.google.com/base/feeds/snippets/12978712482004335346
b0006aaoiw,http://www.google.com/base/feeds/snippets/16616660579258130158
b0006aaoiw,http://www.google.com/base/feeds/snippets/7436299398173390476
b0006aaoiw,http://www.google.com/base/feeds/snippets/17001745805951209994
b0006aaoiw,http://www.google.com/base/feeds/snippets/2051052198305837874
b0006aaoiw,http://www.google.com/base/feeds/snippets/10584509515076384561
b0006aaoiw,http://www.google.com/base/feeds/snippets/17043638434818426828
b0006aaoiw,http://www.google.com/base/feeds/snippets/14475459923483732533
b0006aaoiw,http://www.google.com/base/feeds/snippets/17283219592038470822
b0006aaoiw,http://www.google.com/base/feeds/snippets/6367001887450885036
b0006aaoiw,http://www.google.com/base/feeds/snippets/4438536007009905048
b0006aaoiw,http://www.google.com/base/feeds/snippets/1396332825410491679
b0006aaoiw,http://www.google.com/base/feeds/snippets/10174922529198980140
b0006aaoiw,http://www.google.com/base/feeds/snippets/5731024225928729610
b0006aaoiw,http://www.google.com/base/feeds/snippets/13657143785989719452
b0006aaoiw,http://www.google.com/base/feeds/snippets/12440223377432574651
b0006aaoiw,http://www.google.com/base/feeds/snippets/4268441331041279311
b0006aaoiw,http://www.google.com/base/feeds/snippets/3378455499758273927
b0006aaoiw,http://www.google.com/base/feeds/snippets/4741351224134296286
b0006aaoiw,http://www.google.com/base/feeds/snippets/4555576140890007510
b0006aaoiw,http://www.google.com/base/feeds/snippets/6602957427027083509
b0006aaoiw,http://www.google.com/base/feeds/snippets/11499682706399649004
b0006aaoiw,http://www.google.com/base/feeds/snippets/10757354746167605311
b0006aaoiw,http://www.google.com/base/feeds/snippets/10698225613963200917
b0006aaoiw,http://www.google.com/base/feeds/snippets/12978712482004335346
b00009k780,http://www.google.com/base/feeds/snippets/16616660579258130158
b00009k780,http://www.google.com/base/feeds/snippets/7436299398173390476
b00009k780,http://www.google.com/base/feeds/snippets/17001745805951209994
b00009k780,http://www.google.com/base/feeds/snippets/2051052198305837874
b00009k780,http://www.google.com/base/feeds/snippets/10584509515076384561
b00009k780,http://www.google.com/base/feeds/snippets/17043638434818426828
b00009k780,http://www.google.com/base/feeds/snippets/14475459923483732533
b00009k780,http://www.google.com/base/feeds/snippets/17283219592038470822
b00009k780,http://www.google.com/base/feeds/snippets/6367001887450885036
b00009k780,http://www.google.com/base/feeds/snippets/4438536007009905048
b00009k780,http://www.google.com/base/feeds/snippets/1396332825410491679
b00009k780,http://www.google.com/base/feeds/snippets/10174922529198980140
b00009k780,http://www.google.com/base/feeds/snippets/5731024225928729610
b00009k780,http://www.google.com/base/feeds/snippets/13657143785989719452
b00009k780,http://www.google.com/base/feeds/snippets/12440223377432574651
b00009k780,http://www.google.com/base/feeds/snippets/4268441331041279311
b00009k780,http://www.google.com/base/feeds/snippets/3378455499758273927
b00009k780,http://www.google.com/base/feeds/snippets/4741351224134296286
b00009k780,http://www.google.com/base/feeds/snippets/4555576140890007510
b00009k780,http://www.google.com/base/feeds/snippets/6602957427027083509
b00009k780,http://www.google.com/base/feeds/snippets/11499682706399649004
b00009k780,http://www.google.com/base/feeds/snippets/10757354746167605311
b00009k780,http://www.google.com/base/feeds/snippets/10698225613963200917
b00009k780,http://www.google.com/base/feeds/snippets/12978712482004335346
b000tilkpc,http://www.google.com/base/feeds/snippets/9070775827291844765
b000tilkpc,http://www.google.com/base/feeds/snippets/6859916462314032120
b00074dy8e,http://www.google.com/base/feeds/snippets/9070775827291844765
b00074dy8e,http://www.google.com/base/feeds/snippets/6859916462314032120
b000tilkq6,http://www.google.com/base/feeds/snippets/9070775827291844765
b000tilkq6,http://www.google.com/base/feeds/snippets/6859916462314032120
b0009qvgeo,http://www.google.com/base/feeds/snippets/15021215942793908400
b0009qvgeo,http://www.google.com/base/feeds/snippets/17661636837802252450
b0009qvgeo,http://www.google.com/base/feeds/snippets/7631511138244446780
b0009qvgeo,http://www.google.com/base/feeds/snippets/14115800704515245912
b0009qvgeo,http://www.google.com/base/feeds/snippets/11781128027326824787
b0009qvgeo,http://www.google.com/base/feeds/snippets/14244906079749416423
b0009qvgeo,http://www.google.com/base/feeds/snippets/15694563717998160100
b0009qvgeo,http://www.google.com/base/feeds/snippets/14294089340288176542
b0009qvgeo,http://www.google.com/base/feeds/snippets/16702106469790828707
b0009qvgeo,http://www.google.com/base/feeds/snippets/9200068133591804002
b0009qvgeo,http://www.google.com/base/feeds/snippets/2761414112968696300
b0009qvgeo,http://www.google.com/base/feeds/snippets/2243626822249275608
b0009qvgeo,http://www.google.com/base/feeds/snippets/5896502193537683833
b0009qvgeo,http://www.google.com/base/feeds/snippets/11843865066277931206
b0009qvgeo,http://www.google.com/base/feeds/snippets/11392431272026939560
b0009qvgeo,http://www.google.com/base/feeds/snippets/18194644157865671098
b0009qvgeo,http://www.google.com/base/feeds/snippets/4396288556489492682
b0009qvgeo,http://www.google.com/base/feeds/snippets/3544304577464937584
b0009qvgeo,http://www.google.com/base/feeds/snippets/2092252443843627805
b0009qvgeo,http://www.google.com/base/feeds/snippets/6105198350391906314
b0009qvgeo,http://www.google.com/base/feeds/snippets/7197668762339216420
b0009qvgeo,http://www.google.com/base/feeds/snippets/301584296208918813
b0009qvgeo,http://www.google.com/base/feeds/snippets/1943468973342706865
b0009qvgeo,http://www.google.com/base/feeds/snippets/11970946614107715496
b000v7v2uo,http://www.google.com/base/feeds/snippets/15021215942793908400
b000v7v2uo,http://www.google.com/base/feeds/snippets/17661636837802252450
b000v7v2uo,http://www.google.com/base/feeds/snippets/7631511138244446780
b000v7v2uo,http://www.google.com/base/feeds/snippets/14115800704515245912
b000v7v2uo,http://www.google.com/base/feeds/snippets/11781128027326824787
b000v7v2uo,http://www.google.com/base/feeds/snippets/14244906079749416423
b000v7v2uo,http://www.google.com/base/feeds/snippets/15694563717998160100
b000v7v2uo,http://www.google.com/base/feeds/snippets/14294089340288176542
b000v7v2uo,http://www.google.com/base/feeds/snippets/16702106469790828707
b000v7v2uo,http://www.google.com/base/feeds/snippets/9200068133591804002
b000v7v2uo,http://www.google.com/base/feeds/snippets/2761414112968696300
b000v7v2uo,http://www.google.com/base/feeds/snippets/2243626822249275608
b000v7v2uo,http://www.google.com/base/feeds/snippets/5896502193537683833
b000v7v2uo,http://www.google.com/base/feeds/snippets/11843865066277931206
b000v7v2uo,http://www.google.com/base/feeds/snippets/11392431272026939560
b000v7v2uo,http://www.google.com/base/feeds/snippets/18194644157865671098
b000v7v2uo,http://www.google.com/base/feeds/snippets/4396288556489492682
b000v7v2uo,http://www.google.com/base/feeds/snippets/3544304577464937584
b000v7v2uo,http://www.google.com/base/feeds/snippets/2092252443843627805
b000v7v2uo,http://www.google.com/base/feeds/snippets/6105198350391906314
b000v7v2uo,http://www.google.com/base/feeds/snippets/7197668762339216420
b000v7v2uo,http://www.google.com/base/feeds/snippets/301584296208918813
b000v7v2uo,http://www.google.com/base/feeds/snippets/1943468973342706865
b000v7v2uo,http://www.google.com/base/feeds/snippets/11970946614107715496
b0009dxjuq,http://www.google.com/base/feeds/snippets/15021215942793908400
b0009dxjuq,http://www.google.com/base/feeds/snippets/17661636837802252450
b0009dxjuq,http://www.google.com/base/feeds/snippets/7631511138244446780
b0009dxjuq,http://www.google.com/base/feeds/snippets/14115800704515245912
b0009dxjuq,http://www.google.com/base/feeds/snippets/11781128027326824787
b0009dxjuq,http://www.google.com/base/feeds/snippets/14244906079749416423
b0009dxjuq,http://www.google.com/base/feeds/snippets/15694563717998160100
b0009dxjuq,http://www.google.com/base/feeds/snippets/14294089340288176542
b0009dxjuq,http://www.google.com/base/feeds/snippets/16702106469790828707
b0009dxjuq,http://www.google.com/base/feeds/snippets/9200068133591804002
b0009dxjuq,http://www.google.com/base/feeds/snippets/2761414112968696300
b0009dxjuq,http://www.google.com/base/feeds/snippets/2243626822249275608
b0009dxjuq,http://www.google.com/base/feeds/snippets/5896502193537683833
b0009dxjuq,http://www.google.com/base/feeds/snippets/11843865066277931206
b0009dxjuq,http://www.google.com/base/feeds/snippets/11392431272026939560
b0009dxjuq,http://www.google.com/base/feeds/snippets/18194644157865671098
b0009dxjuq,http://www.google.com/base/feeds/snippets/4396288556489492682
b0009dxjuq,http://www.google.com/base/feeds/snippets/3544304577464937584
b0009dxjuq,http://www.google.com/base/feeds/snippets/2092252443843627805
b0009dxjuq,http://www.google.com/base/feeds/snippets/6105198350391906314
b0009dxjuq,http://www.google.com/base/feeds/snippets/7197668762339216420
b0009dxjuq,http://www.google.com/base/feeds/snippets/301584296208918813
b0009dxjuq,http://www.google.com/base/feeds/snippets/1943468973342706865
b0009dxjuq,http://www.google.com/base/feeds/snippets/11970946614107715496
b0009dt87e,http://www.google.com/base/feeds/snippets/15021215942793908400
b0009dt87e,http://www.google.com/base/feeds/snippets/17661636837802252450
b0009dt87e,http://www.google.com/base/feeds/snippets/7631511138244446780
b0009dt87e,http://www.google.com/base/feeds/snippets/14115800704515245912
b0009dt87e,http://www.google.com/base/feeds/snippets/11781128027326824787
b0009dt87e,http://www.google.com/base/feeds/snippets/14244906079749416423
b0009dt87e,http://www.google.com/base/feeds/snippets/15694563717998160100
b0009dt87e,http://www.google.com/base/feeds/snippets/14294089340288176542
b0009dt87e,http://www.google.com/base/feeds/snippets/16702106469790828707
b0009dt87e,http://www.google.com/base/feeds/snippets/9200068133591804002
b0009dt87e,http://www.google.com/base/feeds/snippets/2761414112968696300
b0009dt87e,http://www.google.com/base/feeds/snippets/2243626822249275608
b0009dt87e,http://www.google.com/base/feeds/snippets/5896502193537683833
b0009dt87e,http://www.google.com/base/feeds/snippets/11843865066277931206
b0009dt87e,http://www.google.com/base/feeds/snippets/11392431272026939560
b0009dt87e,http://www.google.com/base/feeds/snippets/18194644157865671098
b0009dt87e,http://www.google.com/base/feeds/snippets/4396288556489492682
b0009dt87e,http://www.google.com/base/feeds/snippets/3544304577464937584
b0009dt87e,http://www.google.com/base/feeds/snippets/2092252443843627805
b0009dt87e,http://www.google.com/base/feeds/snippets/6105198350391906314
b0009dt87e,http://www.google.com/base/feeds/snippets/7197668762339216420
b0009dt87e,http://www.google.com/base/feeds/snippets/301584296208918813
b0009dt87e,http://www.google.com/base/feeds/snippets/1943468973342706865
b0009dt87e,http://www.google.com/base/feeds/snippets/11970946614107715496
b0009suw5q,http://www.google.com/base/feeds/snippets/15021215942793908400
b0009suw5q,http://www.google.com/base/feeds/snippets/17661636837802252450
b0009suw5q,http://www.google.com/base/feeds/snippets/7631511138244446780
b0009suw5q,http://www.google.com/base/feeds/snippets/14115800704515245912
b0009suw5q,http://www.google.com/base/feeds/snippets/11781128027326824787
b0009suw5q,http://www.google.com/base/feeds/snippets/14244906079749416423
b0009suw5q,http://www.google.com/base/feeds/snippets/15694563717998160100
b0009suw5q,http://www.google.com/base/feeds/snippets/14294089340288176542
b0009suw5q,http://www.google.com/base/feeds/snippets/16702106469790828707
b0009suw5q,http://www.google.com/base/feeds/snippets/9200068133591804002
b0009suw5q,http://www.google.com/base/feeds/snippets/2761414112968696300
b0009suw5q,http://www.google.com/base/feeds/snippets/2243626822249275608
b0009suw5q,http://www.google.com/base/feeds/snippets/5896502193537683833
b0009suw5q,http://www.google.com/base/feeds/snippets/11843865066277931206
b0009suw5q,http://www.google.com/base/feeds/snippets/11392431272026939560
b0009suw5q,http://www.google.com/base/feeds/snippets/18194644157865671098
b0009suw5q,http://www.google.com/base/feeds/snippets/4396288556489492682
b0009suw5q,http://www.google.com/base/feeds/snippets/3544304577464937584
b0009suw5q,http://www.google.com/base/feeds/snippets/2092252443843627805
b0009suw5q,http://www.google.com/base/feeds/snippets/6105198350391906314
b0009suw5q,http://www.google.com/base/feeds/snippets/7197668762339216420
b0009suw5q,http://www.google.com/base/feeds/snippets/301584296208918813
b0009suw5q,http://www.google.com/base/feeds/snippets/1943468973342706865
b0009suw5q,http://www.google.com/base/feeds/snippets/11970946614107715496
b000fj16ou,http://www.google.com/base/feeds/snippets/15021215942793908400
b000fj16ou,http://www.google.com/base/feeds/snippets/17661636837802252450
b000fj16ou,http://www.google.com/base/feeds/snippets/7631511138244446780
b000fj16ou,http://www.google.com/base/feeds/snippets/14115800704515245912
b000fj16ou,http://www.google.com/base/feeds/snippets/11781128027326824787
b000fj16ou,http://www.google.com/base/feeds/snippets/14244906079749416423
b000fj16ou,http://www.google.com/base/feeds/snippets/15694563717998160100
b000fj16ou,http://www.google.com/base/feeds/snippets/14294089340288176542
b000fj16ou,http://www.google.com/base/feeds/snippets/16702106469790828707
b000fj16ou,http://www.google.com/base/feeds/snippets/9200068133591804002
b000fj16ou,http://www.google.com/base/feeds/snippets/2761414112968696300
b000fj16ou,http://www.google.com/base/feeds/snippets/2243626822249275608
b000fj16ou,http://www.google.com/base/feeds/snippets/5896502193537683833
b000fj16ou,http://www.google.com/base/feeds/snippets/11843865066277931206
b000fj16ou,http://www.google.com/base/feeds/snippets/11392431272026939560
b000fj16ou,http://www.google.com/base/feeds/snippets/18194644157865671098
b000fj16ou,http://www.google.com/base/feeds/snippets/4396288556489492682
b000fj16ou,http://www.google.com/base/feeds/snippets/3544304577464937584
b000fj16ou,http://www.google.com/base/feeds/snippets/2092252443843627805
b000fj16ou,http://www.google.com/base/feeds/snippets/6105198350391906314
b000fj16ou,http://www.google.com/base/feeds/snippets/7197668762339216420
b000fj16ou,http://www.google.com/base/feeds/snippets/301584296208918813
b000fj16ou,http://www.google.com/base/feeds/snippets/1943468973342706865
b000fj16ou,http://www.google.com/base/feeds/snippets/11970946614107715496
b000v7y5j4,http://www.google.com/base/feeds/snippets/15021215942793908400
b000v7y5j4,http://www.google.com/base/feeds/snippets/17661636837802252450
b000v7y5j4,http://www.google.com/base/feeds/snippets/7631511138244446780
b000v7y5j4,http://www.google.com/base/feeds/snippets/14115800704515245912
b000v7y5j4,http://www.google.com/base/feeds/snippets/11781128027326824787
b000v7y5j4,http://www.google.com/base/feeds/snippets/14244906079749416423
b000v7y5j4,http://www.google.com/base/feeds/snippets/15694563717998160100
b000v7y5j4,http://www.google.com/base/feeds/snippets/14294089340288176542
b000v7y5j4,http://www.google.com/base/feeds/snippets/16702106469790828707
b000v7y5j4,http://www.google.com/base/feeds/snippets/9200068133591804002
b000v7y5j4,http://www.google.com/base/feeds/snippets/2761414112968696300
b000v7y5j4,http://www.google.com/base/feeds/snippets/2243626822249275608
b000v7y5j4,http://www.google.com/base/feeds/snippets/5896502193537683833
b000v7y5j4,http://www.google.com/base/feeds/snippets/11843865066277931206
b000v7y5j4,http://www.google.com/base/feeds/snippets/11392431272026939560
b000v7y5j4,http://www.google.com/base/feeds/snippets/18194644157865671098
b000v7y5j4,http://www.google.com/base/feeds/snippets/4396288556489492682
b000v7y5j4,http://www.google.com/base/feeds/snippets/3544304577464937584
b000v7y5j4,http://www.google.com/base/feeds/snippets/2092252443843627805
b000v7y5j4,http://www.google.com/base/feeds/snippets/6105198350391906314
b000v7y5j4,http://www.google.com/base/feeds/snippets/7197668762339216420
b000v7y5j4,http://www.google.com/base/feeds/snippets/301584296208918813
b000v7y5j4,http://www.google.com/base/feeds/snippets/1943468973342706865
b000v7y5j4,http://www.google.com/base/feeds/snippets/11970946614107715496
b000v809mk,http://www.google.com/base/feeds/snippets/15021215942793908400
b000v809mk,http://www.google.com/base/feeds/snippets/17661636837802252450
b000v809mk,http://www.google.com/base/feeds/snippets/7631511138244446780
b000v809mk,http://www.google.com/base/feeds/snippets/14115800704515245912
b000v809mk,http://www.google.com/base/feeds/snippets/11781128027326824787
b000v809mk,http://www.google.com/base/feeds/snippets/14244906079749416423
b000v809mk,http://www.google.com/base/feeds/snippets/15694563717998160100
b000v809mk,http://www.google.com/base/feeds/snippets/14294089340288176542
b000v809mk,http://www.google.com/base/feeds/snippets/16702106469790828707
b000v809mk,http://www.google.com/base/feeds/snippets/9200068133591804002
b000v809mk,http://www.google.com/base/feeds/snippets/2761414112968696300
b000v809mk,http://www.google.com/base/feeds/snippets/2243626822249275608
b000v809mk,http://www.google.com/base/feeds/snippets/5896502193537683833
b000v809mk,http://www.google.com/base/feeds/snippets/11843865066277931206
b000v809mk,http://www.google.com/base/feeds/snippets/11392431272026939560
b000v809mk,http://www.google.com/base/feeds/snippets/18194644157865671098
b000v809mk,http://www.google.com/base/feeds/snippets/4396288556489492682
b000v809mk,http://www.google.com/base/feeds/snippets/3544304577464937584
b000v809mk,http://www.google.com/base/feeds/snippets/2092252443843627805
b000v809mk,http://www.google.com/base/feeds/snippets/6105198350391906314
b000v809mk,http://www.google.com/base/feeds/snippets/7197668762339216420
b000v809mk,http://www.google.com/base/feeds/snippets/301584296208918813
b000v809mk,http://www.google.com/base/feeds/snippets/1943468973342706865
b000v809mk,http://www.google.com/base/feeds/snippets/11970946614107715496
b000hc0m36,http://www.google.com/base/feeds/snippets/11125907881740407428
b000hc0m36,http://www.google.com/base/feeds/snippets/11343515411965421256
b000hc0m36,http://www.google.com/base/feeds/snippets/12835181529749808477
b000hc0m36,http://www.google.com/base/feeds/snippets/12949835105262366018
b000hc0m36,http://www.google.com/base/feeds/snippets/13394537834910060641
b000hc0m36,http://www.google.com/base/feeds/snippets/10330893806550846255
b000hc0m36,http://www.google.com/base/feeds/snippets/10090208868795399315
b000hc0m36,http://www.google.com/base/feeds/snippets/9860136507672793790
b000h14rqk,http://www.google.com/base/feeds/snippets/11125907881740407428
b000h14rqk,http://www.google.com/base/feeds/snippets/11343515411965421256
b000h14rqk,http://www.google.com/base/feeds/snippets/12835181529749808477
b000h14rqk,http://www.google.com/base/feeds/snippets/12949835105262366018
b000h14rqk,http://www.google.com/base/feeds/snippets/13394537834910060641
b000h14rqk,http://www.google.com/base/feeds/snippets/10330893806550846255
b000h14rqk,http://www.google.com/base/feeds/snippets/10090208868795399315
b000h14rqk,http://www.google.com/base/feeds/snippets/9860136507672793790
b000hbys96,http://www.google.com/base/feeds/snippets/11125907881740407428
b000hbys96,http://www.google.com/base/feeds/snippets/11343515411965421256
b000hbys96,http://www.google.com/base/feeds/snippets/12835181529749808477
b000hbys96,http://www.google.com/base/feeds/snippets/12949835105262366018
b000hbys96,http://www.google.com/base/feeds/snippets/13394537834910060641
b000hbys96,http://www.google.com/base/feeds/snippets/10330893806550846255
b000hbys96,http://www.google.com/base/feeds/snippets/10090208868795399315
b000hbys96,http://www.google.com/base/feeds/snippets/9860136507672793790
b000hbys5k,http://www.google.com/base/feeds/snippets/11125907881740407428
b000hbys5k,http://www.google.com/base/feeds/snippets/11343515411965421256
b000hbys5k,http://www.google.com/base/feeds/snippets/12835181529749808477
b000hbys5k,http://www.google.com/base/feeds/snippets/12949835105262366018
b000hbys5k,http://www.google.com/base/feeds/snippets/13394537834910060641
b000hbys5k,http://www.google.com/base/feeds/snippets/10330893806550846255
b000hbys5k,http://www.google.com/base/feeds/snippets/10090208868795399315
b000hbys5k,http://www.google.com/base/feeds/snippets/9860136507672793790
b000hc0lw8,http://www.google.com/base/feeds/snippets/11125907881740407428
b000hc0lw8,http://www.google.com/base/feeds/snippets/11343515411965421256
b000hc0lw8,http://www.google.com/base/feeds/snippets/12835181529749808477
b000hc0lw8,http://www.google.com/base/feeds/snippets/12949835105262366018
b000hc0lw8,http://www.google.com/base/feeds/snippets/13394537834910060641
b000hc0lw8,http://www.google.com/base/feeds/snippets/10330893806550846255
b000hc0lw8,http://www.google.com/base/feeds/snippets/10090208868795399315
b000hc0lw8,http://www.google.com/base/feeds/snippets/9860136507672793790
b000hbxjxc,http://www.google.com/base/feeds/snippets/11125907881740407428
b000hbxjxc,http://www.google.com/base/feeds/snippets/11343515411965421256
b000hbxjxc,http://www.google.com/base/feeds/snippets/12835181529749808477
b000hbxjxc,http://www.google.com/base/feeds/snippets/12949835105262366018
b000hbxjxc,http://www.google.com/base/feeds/snippets/13394537834910060641
b000hbxjxc,http://www.google.com/base/feeds/snippets/10330893806550846255
b000hbxjxc,http://www.google.com/base/feeds/snippets/10090208868795399315
b000hbxjxc,http://www.google.com/base/feeds/snippets/9860136507672793790
b000hbvvg4,http://www.google.com/base/feeds/snippets/11125907881740407428
b000hbvvg4,http://www.google.com/base/feeds/snippets/11343515411965421256
b000hbvvg4,http://www.google.com/base/feeds/snippets/12835181529749808477
b000hbvvg4,http://www.google.com/base/feeds/snippets/12949835105262366018
b000hbvvg4,http://www.google.com/base/feeds/snippets/13394537834910060641
b000hbvvg4,http://www.google.com/base/feeds/snippets/10330893806550846255
b000hbvvg4,http://www.google.com/base/feeds/snippets/10090208868795399315
b000hbvvg4,http://www.google.com/base/feeds/snippets/9860136507672793790
b000h16p9m,http://www.google.com/base/feeds/snippets/11125907881740407428
b000h16p9m,http://www.google.com/base/feeds/snippets/11343515411965421256
b000h16p9m,http://www.google.com/base/feeds/snippets/12835181529749808477
b000h16p9m,http://www.google.com/base/feeds/snippets/12949835105262366018
b000h16p9m,http://www.google.com/base/feeds/snippets/13394537834910060641
b000h16p9m,http://www.google.com/base/feeds/snippets/10330893806550846255
b000h16p9m,http://www.google.com/base/feeds/snippets/10090208868795399315
b000h16p9m,http://www.google.com/base/feeds/snippets/9860136507672793790
b000h14rr4,http://www.google.com/base/feeds/snippets/11125907881740407428
b000h14rr4,http://www.google.com/base/feeds/snippets/11343515411965421256
b000h14rr4,http://www.google.com/base/feeds/snippets/12835181529749808477
b000h14rr4,http://www.google.com/base/feeds/snippets/12949835105262366018
b000h14rr4,http://www.google.com/base/feeds/snippets/13394537834910060641
b000h14rr4,http://www.google.com/base/feeds/snippets/10330893806550846255
b000h14rr4,http://www.google.com/base/feeds/snippets/10090208868795399315
b000h14rr4,http://www.google.com/base/feeds/snippets/9860136507672793790
b000hbxjve,http://www.google.com/base/feeds/snippets/11125907881740407428
b000hbxjve,http://www.google.com/base/feeds/snippets/11343515411965421256
b000hbxjve,http://www.google.com/base/feeds/snippets/12835181529749808477
b000hbxjve,http://www.google.com/base/feeds/snippets/12949835105262366018
b000hbxjve,http://www.google.com/base/feeds/snippets/13394537834910060641
b000hbxjve,http://www.google.com/base/feeds/snippets/10330893806550846255
b000hbxjve,http://www.google.com/base/feeds/snippets/10090208868795399315
b000hbxjve,http://www.google.com/base/feeds/snippets/9860136507672793790
b000hbxjuk,http://www.google.com/base/feeds/snippets/11125907881740407428
b000hbxjuk,http://www.google.com/base/feeds/snippets/11343515411965421256
b000hbxjuk,http://www.google.com/base/feeds/snippets/12835181529749808477
b000hbxjuk,http://www.google.com/base/feeds/snippets/12949835105262366018
b000hbxjuk,http://www.google.com/base/feeds/snippets/13394537834910060641
b000hbxjuk,http://www.google.com/base/feeds/snippets/10330893806550846255
b000hbxjuk,http://www.google.com/base/feeds/snippets/10090208868795399315
b000hbxjuk,http://www.google.com/base/feeds/snippets/9860136507672793790
b000h16p9w,http://www.google.com/base/feeds/snippets/11125907881740407428
b000h16p9w,http://www.google.com/base/feeds/snippets/11343515411965421256
b000h16p9w,http://www.google.com/base/feeds/snippets/12835181529749808477
b000h16p9w,http://www.google.com/base/feeds/snippets/12949835105262366018
b000h16p9w,http://www.google.com/base/feeds/snippets/13394537834910060641
b000h16p9w,http://www.google.com/base/feeds/snippets/10330893806550846255
b000h16p9w,http://www.google.com/base/feeds/snippets/10090208868795399315
b000h16p9w,http://www.google.com/base/feeds/snippets/9860136507672793790
b000h16pag,http://www.google.com/base/feeds/snippets/11125907881740407428
b000h16pag,http://www.google.com/base/feeds/snippets/11343515411965421256
b000h16pag,http://www.google.com/base/feeds/snippets/12835181529749808477
b000h16pag,http://www.google.com/base/feeds/snippets/12949835105262366018
b000h16pag,http://www.google.com/base/feeds/snippets/13394537834910060641
b000h16pag,http://www.google.com/base/feeds/snippets/10330893806550846255
b000h16pag,http://www.google.com/base/feeds/snippets/10090208868795399315
b000h16pag,http://www.google.com/base/feeds/snippets/9860136507672793790
b000hbxjt6,http://www.google.com/base/feeds/snippets/11125907881740407428
b000hbxjt6,http://www.google.com/base/feeds/snippets/11343515411965421256
b000hbxjt6,http://www.google.com/base/feeds/snippets/12835181529749808477
b000hbxjt6,http://www.google.com/base/feeds/snippets/12949835105262366018
b000hbxjt6,http://www.google.com/base/feeds/snippets/13394537834910060641
b000hbxjt6,http://www.google.com/base/feeds/snippets/10330893806550846255
b000hbxjt6,http://www.google.com/base/feeds/snippets/10090208868795399315
b000hbxjt6,http://www.google.com/base/feeds/snippets/9860136507672793790
b000hbvvka,http://www.google.com/base/feeds/snippets/11125907881740407428
b000hbvvka,http://www.google.com/base/feeds/snippets/11343515411965421256
b000hbvvka,http://www.google.com/base/feeds/snippets/12835181529749808477
b000hbvvka,http://www.google.com/base/feeds/snippets/12949835105262366018
b000hbvvka,http://www.google.com/base/feeds/snippets/13394537834910060641
b000hbvvka,http://www.google.com/base/feeds/snippets/10330893806550846255
b000hbvvka,http://www.google.com/base/feeds/snippets/10090208868795399315
b000hbvvka,http://www.google.com/base/feeds/snippets/9860136507672793790
b000hbysf0,http://www.google.com/base/feeds/snippets/11125907881740407428
b000hbysf0,http://www.google.com/base/feeds/snippets/11343515411965421256
b000hbysf0,http://www.google.com/base/feeds/snippets/12835181529749808477
b000hbysf0,http://www.google.com/base/feeds/snippets/12949835105262366018
b000hbysf0,http://www.google.com/base/feeds/snippets/13394537834910060641
b000hbysf0,http://www.google.com/base/feeds/snippets/10330893806550846255
b000hbysf0,http://www.google.com/base/feeds/snippets/10090208868795399315
b000hbysf0,http://www.google.com/base/feeds/snippets/9860136507672793790
b000hbysc8,http://www.google.com/base/feeds/snippets/11125907881740407428
b000hbysc8,http://www.google.com/base/feeds/snippets/11343515411965421256
b000hbysc8,http://www.google.com/base/feeds/snippets/12835181529749808477
b000hbysc8,http://www.google.com/base/feeds/snippets/12949835105262366018
b000hbysc8,http://www.google.com/base/feeds/snippets/13394537834910060641
b000hbysc8,http://www.google.com/base/feeds/snippets/10330893806550846255
b000hbysc8,http://www.google.com/base/feeds/snippets/10090208868795399315
b000hbysc8,http://www.google.com/base/feeds/snippets/9860136507672793790
b000twz14o,http://www.google.com/base/feeds/snippets/11125907881740407428
b000twz14o,http://www.google.com/base/feeds/snippets/11343515411965421256
b000twz14o,http://www.google.com/base/feeds/snippets/12835181529749808477
b000twz14o,http://www.google.com/base/feeds/snippets/12949835105262366018
b000twz14o,http://www.google.com/base/feeds/snippets/13394537834910060641
b000twz14o,http://www.google.com/base/feeds/snippets/10330893806550846255
b000twz14o,http://www.google.com/base/feeds/snippets/10090208868795399315
b000twz14o,http://www.google.com/base/feeds/snippets/9860136507672793790
b0001o04tw,http://www.google.com/base/feeds/snippets/18356638685856745200
b000bufcn4,http://www.google.com/base/feeds/snippets/18356638685856745200
b000a3ky4e,http://www.google.com/base/feeds/snippets/18356638685856745200
b0009stm6g,http://www.google.com/base/feeds/snippets/18387170188665857199
b000a7mfn8,http://www.google.com/base/feeds/snippets/18387170188665857199
b000098xiy,http://www.google.com/base/feeds/snippets/18387170188665857199
b000exs488,http://www.google.com/base/feeds/snippets/18387170188665857199
b000exq2cs,http://www.google.com/base/feeds/snippets/18387170188665857199
b000exw510,http://www.google.com/base/feeds/snippets/18387170188665857199
b000icpfmi,http://www.google.com/base/feeds/snippets/18387170188665857199
b000i84dts,http://www.google.com/base/feeds/snippets/18387170188665857199
b00001xdw7,http://www.google.com/base/feeds/snippets/18387170188665857199
b000v7vz2e,http://www.google.com/base/feeds/snippets/18387170188665857199
b000i84dum,http://www.google.com/base/feeds/snippets/18387170188665857199
b000exu99k,http://www.google.com/base/feeds/snippets/18387170188665857199
b000jx7g3c,http://www.google.com/base/feeds/snippets/18445026451868718668
b000jx7g3c,http://www.google.com/base/feeds/snippets/18365410667661013907
b00024wjrq,http://www.google.com/base/feeds/snippets/18391505970299025022
b00065hjvc,http://www.google.com/base/feeds/snippets/18391505970299025022
b000iflerk,http://www.google.com/base/feeds/snippets/18391505970299025022
b000bhl1r8,http://www.google.com/base/feeds/snippets/9949258255997064102
b000bhl1r8,http://www.google.com/base/feeds/snippets/18381906790026125106
b000bhl1r8,http://www.google.com/base/feeds/snippets/18416188802563653999
b000bhl1r8,http://www.google.com/base/feeds/snippets/18380054536947094037
b000fa5ens,http://www.google.com/base/feeds/snippets/9949258255997064102
b000fa5ens,http://www.google.com/base/feeds/snippets/18381906790026125106
b000fa5ens,http://www.google.com/base/feeds/snippets/18416188802563653999
b000fa5ens,http://www.google.com/base/feeds/snippets/18380054536947094037
b0000c6fjm,http://www.google.com/base/feeds/snippets/9949258255997064102
b0000c6fjm,http://www.google.com/base/feeds/snippets/18381906790026125106
b0000c6fjm,http://www.google.com/base/feeds/snippets/18416188802563653999
b0000c6fjm,http://www.google.com/base/feeds/snippets/18380054536947094037
b0002nt34o,http://www.google.com/base/feeds/snippets/9949258255997064102
b0002nt34o,http://www.google.com/base/feeds/snippets/18381906790026125106
b0002nt34o,http://www.google.com/base/feeds/snippets/18416188802563653999
b0002nt34o,http://www.google.com/base/feeds/snippets/18380054536947094037
b000cc09uw,http://www.google.com/base/feeds/snippets/9949258255997064102
b000cc09uw,http://www.google.com/base/feeds/snippets/18381906790026125106
b000cc09uw,http://www.google.com/base/feeds/snippets/18416188802563653999
b000cc09uw,http://www.google.com/base/feeds/snippets/18380054536947094037
b000jywfq4,http://www.google.com/base/feeds/snippets/9949258255997064102
b000jywfq4,http://www.google.com/base/feeds/snippets/18381906790026125106
b000jywfq4,http://www.google.com/base/feeds/snippets/18416188802563653999
b000jywfq4,http://www.google.com/base/feeds/snippets/18380054536947094037
b00002jvfk,http://www.google.com/base/feeds/snippets/9949258255997064102
b00002jvfk,http://www.google.com/base/feeds/snippets/18381906790026125106
b00002jvfk,http://www.google.com/base/feeds/snippets/18416188802563653999
b00002jvfk,http://www.google.com/base/feeds/snippets/18380054536947094037
b0001wn1ee,http://www.google.com/base/feeds/snippets/9949258255997064102
b0001wn1ee,http://www.google.com/base/feeds/snippets/18381906790026125106
b0001wn1ee,http://www.google.com/base/feeds/snippets/18416188802563653999
b0001wn1ee,http://www.google.com/base/feeds/snippets/18380054536947094037
b000jgf410,http://www.google.com/base/feeds/snippets/9949258255997064102
b000jgf410,http://www.google.com/base/feeds/snippets/18381906790026125106
b000jgf410,http://www.google.com/base/feeds/snippets/18416188802563653999
b000jgf410,http://www.google.com/base/feeds/snippets/18380054536947094037
b000bawkpm,http://www.google.com/base/feeds/snippets/9949258255997064102
b000bawkpm,http://www.google.com/base/feeds/snippets/18381906790026125106
b000bawkpm,http://www.google.com/base/feeds/snippets/18416188802563653999
b000bawkpm,http://www.google.com/base/feeds/snippets/18380054536947094037
b000bav4ko,http://www.google.com/base/feeds/snippets/9949258255997064102
b000bav4ko,http://www.google.com/base/feeds/snippets/18381906790026125106
b000bav4ko,http://www.google.com/base/feeds/snippets/18416188802563653999
b000bav4ko,http://www.google.com/base/feeds/snippets/18380054536947094037
b0000c120d,http://www.google.com/base/feeds/snippets/9949258255997064102
b0000c120d,http://www.google.com/base/feeds/snippets/18381906790026125106
b0000c120d,http://www.google.com/base/feeds/snippets/18416188802563653999
b0000c120d,http://www.google.com/base/feeds/snippets/18380054536947094037
b0001wn0li,http://www.google.com/base/feeds/snippets/9949258255997064102
b0001wn0li,http://www.google.com/base/feeds/snippets/18381906790026125106
b0001wn0li,http://www.google.com/base/feeds/snippets/18416188802563653999
b0001wn0li,http://www.google.com/base/feeds/snippets/18380054536947094037
b00008mnxr,http://www.google.com/base/feeds/snippets/9949258255997064102
b00008mnxr,http://www.google.com/base/feeds/snippets/18381906790026125106
b00008mnxr,http://www.google.com/base/feeds/snippets/18416188802563653999
b00008mnxr,http://www.google.com/base/feeds/snippets/18380054536947094037
b000gh2pa0,http://www.google.com/base/feeds/snippets/9949258255997064102
b000gh2pa0,http://www.google.com/base/feeds/snippets/18381906790026125106
b000gh2pa0,http://www.google.com/base/feeds/snippets/18416188802563653999
b000gh2pa0,http://www.google.com/base/feeds/snippets/18380054536947094037
b000083kit,http://www.google.com/base/feeds/snippets/9949258255997064102
b000083kit,http://www.google.com/base/feeds/snippets/18381906790026125106
b000083kit,http://www.google.com/base/feeds/snippets/18416188802563653999
b000083kit,http://www.google.com/base/feeds/snippets/18380054536947094037
b000ab601m,http://www.google.com/base/feeds/snippets/9949258255997064102
b000ab601m,http://www.google.com/base/feeds/snippets/18381906790026125106
b000ab601m,http://www.google.com/base/feeds/snippets/18416188802563653999
b000ab601m,http://www.google.com/base/feeds/snippets/18380054536947094037
b000mfgx7w,http://www.google.com/base/feeds/snippets/9949258255997064102
b000mfgx7w,http://www.google.com/base/feeds/snippets/18381906790026125106
b000mfgx7w,http://www.google.com/base/feeds/snippets/18416188802563653999
b000mfgx7w,http://www.google.com/base/feeds/snippets/18380054536947094037
b00005op44,http://www.google.com/base/feeds/snippets/9949258255997064102
b00005op44,http://www.google.com/base/feeds/snippets/18381906790026125106
b00005op44,http://www.google.com/base/feeds/snippets/18416188802563653999
b00005op44,http://www.google.com/base/feeds/snippets/18380054536947094037
b00004nhn7,http://www.google.com/base/feeds/snippets/9949258255997064102
b00004nhn7,http://www.google.com/base/feeds/snippets/18381906790026125106
b00004nhn7,http://www.google.com/base/feeds/snippets/18416188802563653999
b00004nhn7,http://www.google.com/base/feeds/snippets/18380054536947094037
b000hcxklw,http://www.google.com/base/feeds/snippets/9949258255997064102
b000hcxklw,http://www.google.com/base/feeds/snippets/18381906790026125106
b000hcxklw,http://www.google.com/base/feeds/snippets/18416188802563653999
b000hcxklw,http://www.google.com/base/feeds/snippets/18380054536947094037
b000hctyto,http://www.google.com/base/feeds/snippets/9949258255997064102
b000hctyto,http://www.google.com/base/feeds/snippets/18381906790026125106
b000hctyto,http://www.google.com/base/feeds/snippets/18416188802563653999
b000hctyto,http://www.google.com/base/feeds/snippets/18380054536947094037
b0001wn0ky,http://www.google.com/base/feeds/snippets/9949258255997064102
b0001wn0ky,http://www.google.com/base/feeds/snippets/18381906790026125106
b0001wn0ky,http://www.google.com/base/feeds/snippets/18416188802563653999
b0001wn0ky,http://www.google.com/base/feeds/snippets/18380054536947094037
b000q6zk3a,http://www.google.com/base/feeds/snippets/9949258255997064102
b000q6zk3a,http://www.google.com/base/feeds/snippets/18381906790026125106
b000q6zk3a,http://www.google.com/base/feeds/snippets/18416188802563653999
b000q6zk3a,http://www.google.com/base/feeds/snippets/18380054536947094037
b000hcz8gc,http://www.google.com/base/feeds/snippets/9949258255997064102
b000hcz8gc,http://www.google.com/base/feeds/snippets/18381906790026125106
b000hcz8gc,http://www.google.com/base/feeds/snippets/18416188802563653999
b000hcz8gc,http://www.google.com/base/feeds/snippets/18380054536947094037
b000hctyte,http://www.google.com/base/feeds/snippets/9949258255997064102
b000hctyte,http://www.google.com/base/feeds/snippets/18381906790026125106
b000hctyte,http://www.google.com/base/feeds/snippets/18416188802563653999
b000hctyte,http://www.google.com/base/feeds/snippets/18380054536947094037
b000h11f9c,http://www.google.com/base/feeds/snippets/9949258255997064102
b000h11f9c,http://www.google.com/base/feeds/snippets/18381906790026125106
b000h11f9c,http://www.google.com/base/feeds/snippets/18416188802563653999
b000h11f9c,http://www.google.com/base/feeds/snippets/18380054536947094037
b00008mnxq,http://www.google.com/base/feeds/snippets/9949258255997064102
b00008mnxq,http://www.google.com/base/feeds/snippets/18381906790026125106
b00008mnxq,http://www.google.com/base/feeds/snippets/18416188802563653999
b00008mnxq,http://www.google.com/base/feeds/snippets/18380054536947094037
b000kn7dde,http://www.google.com/base/feeds/snippets/9949258255997064102
b000kn7dde,http://www.google.com/base/feeds/snippets/18381906790026125106
b000kn7dde,http://www.google.com/base/feeds/snippets/18416188802563653999
b000kn7dde,http://www.google.com/base/feeds/snippets/18380054536947094037
b000hcz8ey,http://www.google.com/base/feeds/snippets/9949258255997064102
b000hcz8ey,http://www.google.com/base/feeds/snippets/18381906790026125106
b000hcz8ey,http://www.google.com/base/feeds/snippets/18416188802563653999
b000hcz8ey,http://www.google.com/base/feeds/snippets/18380054536947094037
b00022ptru,http://www.google.com/base/feeds/snippets/9949258255997064102
b00022ptru,http://www.google.com/base/feeds/snippets/18381906790026125106
b00022ptru,http://www.google.com/base/feeds/snippets/18416188802563653999
b00022ptru,http://www.google.com/base/feeds/snippets/18380054536947094037
b000gcj6mk,http://www.google.com/base/feeds/snippets/9949258255997064102
b000gcj6mk,http://www.google.com/base/feeds/snippets/18381906790026125106
b000gcj6mk,http://www.google.com/base/feeds/snippets/18416188802563653999
b000gcj6mk,http://www.google.com/base/feeds/snippets/18380054536947094037
b000hcxklc,http://www.google.com/base/feeds/snippets/9949258255997064102
b000hcxklc,http://www.google.com/base/feeds/snippets/18381906790026125106
b000hcxklc,http://www.google.com/base/feeds/snippets/18416188802563653999
b000hcxklc,http://www.google.com/base/feeds/snippets/18380054536947094037
b000m7uqjg,http://www.google.com/base/feeds/snippets/9949258255997064102
b000m7uqjg,http://www.google.com/base/feeds/snippets/18381906790026125106
b000m7uqjg,http://www.google.com/base/feeds/snippets/18416188802563653999
b000m7uqjg,http://www.google.com/base/feeds/snippets/18380054536947094037
b000jiojvo,http://www.google.com/base/feeds/snippets/9949258255997064102
b000jiojvo,http://www.google.com/base/feeds/snippets/18381906790026125106
b000jiojvo,http://www.google.com/base/feeds/snippets/18416188802563653999
b000jiojvo,http://www.google.com/base/feeds/snippets/18380054536947094037
b000hcz8gm,http://www.google.com/base/feeds/snippets/9949258255997064102
b000hcz8gm,http://www.google.com/base/feeds/snippets/18381906790026125106
b000hcz8gm,http://www.google.com/base/feeds/snippets/18416188802563653999
b000hcz8gm,http://www.google.com/base/feeds/snippets/18380054536947094037
b000cc22ys,http://www.google.com/base/feeds/snippets/9949258255997064102
b000cc22ys,http://www.google.com/base/feeds/snippets/18381906790026125106
b000cc22ys,http://www.google.com/base/feeds/snippets/18416188802563653999
b000cc22ys,http://www.google.com/base/feeds/snippets/18380054536947094037
b000hcvr1m,http://www.google.com/base/feeds/snippets/9949258255997064102
b000hcvr1m,http://www.google.com/base/feeds/snippets/18381906790026125106
b000hcvr1m,http://www.google.com/base/feeds/snippets/18416188802563653999
b000hcvr1m,http://www.google.com/base/feeds/snippets/18380054536947094037
b000hctysa,http://www.google.com/base/feeds/snippets/9949258255997064102
b000hctysa,http://www.google.com/base/feeds/snippets/18381906790026125106
b000hctysa,http://www.google.com/base/feeds/snippets/18416188802563653999
b000hctysa,http://www.google.com/base/feeds/snippets/18380054536947094037
b000hcvr5s,http://www.google.com/base/feeds/snippets/9949258255997064102
b000hcvr5s,http://www.google.com/base/feeds/snippets/18381906790026125106
b000hcvr5s,http://www.google.com/base/feeds/snippets/18416188802563653999
b000hcvr5s,http://www.google.com/base/feeds/snippets/18380054536947094037
b000hcxkks,http://www.google.com/base/feeds/snippets/9949258255997064102
b000hcxkks,http://www.google.com/base/feeds/snippets/18381906790026125106
b000hcxkks,http://www.google.com/base/feeds/snippets/18416188802563653999
b000hcxkks,http://www.google.com/base/feeds/snippets/18380054536947094037
b0001wn1fs,http://www.google.com/base/feeds/snippets/9949258255997064102
b0001wn1fs,http://www.google.com/base/feeds/snippets/18381906790026125106
b0001wn1fs,http://www.google.com/base/feeds/snippets/18416188802563653999
b0001wn1fs,http://www.google.com/base/feeds/snippets/18380054536947094037
b0001wn1a8,http://www.google.com/base/feeds/snippets/9949258255997064102
b0001wn1a8,http://www.google.com/base/feeds/snippets/18381906790026125106
b0001wn1a8,http://www.google.com/base/feeds/snippets/18416188802563653999
b0001wn1a8,http://www.google.com/base/feeds/snippets/18380054536947094037
b000a76zt8,http://www.google.com/base/feeds/snippets/9949258255997064102
b000a76zt8,http://www.google.com/base/feeds/snippets/18381906790026125106
b000a76zt8,http://www.google.com/base/feeds/snippets/18416188802563653999
b000a76zt8,http://www.google.com/base/feeds/snippets/18380054536947094037
b000hcz9ac,http://www.google.com/base/feeds/snippets/9949258255997064102
b000hcz9ac,http://www.google.com/base/feeds/snippets/18381906790026125106
b000hcz9ac,http://www.google.com/base/feeds/snippets/18416188802563653999
b000hcz9ac,http://www.google.com/base/feeds/snippets/18380054536947094037
b00022pti4,http://www.google.com/base/feeds/snippets/9949258255997064102
b00022pti4,http://www.google.com/base/feeds/snippets/18381906790026125106
b00022pti4,http://www.google.com/base/feeds/snippets/18416188802563653999
b00022pti4,http://www.google.com/base/feeds/snippets/18380054536947094037
b0002nt5ho,http://www.google.com/base/feeds/snippets/9949258255997064102
b0002nt5ho,http://www.google.com/base/feeds/snippets/18381906790026125106
b0002nt5ho,http://www.google.com/base/feeds/snippets/18416188802563653999
b0002nt5ho,http://www.google.com/base/feeds/snippets/18380054536947094037
b00008mnxz,http://www.google.com/base/feeds/snippets/9949258255997064102
b00008mnxz,http://www.google.com/base/feeds/snippets/18381906790026125106
b00008mnxz,http://www.google.com/base/feeds/snippets/18416188802563653999
b00008mnxz,http://www.google.com/base/feeds/snippets/18380054536947094037
b0000ca2ix,http://www.google.com/base/feeds/snippets/9949258255997064102
b0000ca2ix,http://www.google.com/base/feeds/snippets/18381906790026125106
b0000ca2ix,http://www.google.com/base/feeds/snippets/18416188802563653999
b0000ca2ix,http://www.google.com/base/feeds/snippets/18380054536947094037
b0001wn18u,http://www.google.com/base/feeds/snippets/9949258255997064102
b0001wn18u,http://www.google.com/base/feeds/snippets/18381906790026125106
b0001wn18u,http://www.google.com/base/feeds/snippets/18416188802563653999
b0001wn18u,http://www.google.com/base/feeds/snippets/18380054536947094037
b000barbaq,http://www.google.com/base/feeds/snippets/9949258255997064102
b000barbaq,http://www.google.com/base/feeds/snippets/18381906790026125106
b000barbaq,http://www.google.com/base/feeds/snippets/18416188802563653999
b000barbaq,http://www.google.com/base/feeds/snippets/18380054536947094037
b0001wn0sq,http://www.google.com/base/feeds/snippets/9949258255997064102
b0001wn0sq,http://www.google.com/base/feeds/snippets/18381906790026125106
b0001wn0sq,http://www.google.com/base/feeds/snippets/18416188802563653999
b0001wn0sq,http://www.google.com/base/feeds/snippets/18380054536947094037
b000m2yc32,http://www.google.com/base/feeds/snippets/9949258255997064102
b000m2yc32,http://www.google.com/base/feeds/snippets/18381906790026125106
b000m2yc32,http://www.google.com/base/feeds/snippets/18416188802563653999
b000m2yc32,http://www.google.com/base/feeds/snippets/18380054536947094037
b0001wn0m2,http://www.google.com/base/feeds/snippets/9949258255997064102
b0001wn0m2,http://www.google.com/base/feeds/snippets/18381906790026125106
b0001wn0m2,http://www.google.com/base/feeds/snippets/18416188802563653999
b0001wn0m2,http://www.google.com/base/feeds/snippets/18380054536947094037
b0001wn16m,http://www.google.com/base/feeds/snippets/9949258255997064102
b0001wn16m,http://www.google.com/base/feeds/snippets/18381906790026125106
b0001wn16m,http://www.google.com/base/feeds/snippets/18416188802563653999
b0001wn16m,http://www.google.com/base/feeds/snippets/18380054536947094037
b000i3g30k,http://www.google.com/base/feeds/snippets/9949258255997064102
b000i3g30k,http://www.google.com/base/feeds/snippets/18381906790026125106
b000i3g30k,http://www.google.com/base/feeds/snippets/18416188802563653999
b000i3g30k,http://www.google.com/base/feeds/snippets/18380054536947094037
b000ayktam,http://www.google.com/base/feeds/snippets/9949258255997064102
b000ayktam,http://www.google.com/base/feeds/snippets/18381906790026125106
b000ayktam,http://www.google.com/base/feeds/snippets/18416188802563653999
b000ayktam,http://www.google.com/base/feeds/snippets/18380054536947094037
b0000cg4gt,http://www.google.com/base/feeds/snippets/9949258255997064102
b0000cg4gt,http://www.google.com/base/feeds/snippets/18381906790026125106
b0000cg4gt,http://www.google.com/base/feeds/snippets/18416188802563653999
b0000cg4gt,http://www.google.com/base/feeds/snippets/18380054536947094037
b0009rkkmc,http://www.google.com/base/feeds/snippets/18379486110517289179
b0009n4gx0,http://www.google.com/base/feeds/snippets/18379486110517289179
b0009mg80a,http://www.google.com/base/feeds/snippets/18379486110517289179
b0006z16qq,http://www.google.com/base/feeds/snippets/18433413888105089937
b0006z16qq,http://www.google.com/base/feeds/snippets/18355630027419003625
b0006z16qq,http://www.google.com/base/feeds/snippets/18378422702839985200
b000j588ge,http://www.google.com/base/feeds/snippets/18433413888105089937
b000j588ge,http://www.google.com/base/feeds/snippets/18355630027419003625
b000j588ge,http://www.google.com/base/feeds/snippets/18378422702839985200
b000e5n0mg,http://www.google.com/base/feeds/snippets/18433413888105089937
b000e5n0mg,http://www.google.com/base/feeds/snippets/18355630027419003625
b000e5n0mg,http://www.google.com/base/feeds/snippets/18378422702839985200
b000j54pac,http://www.google.com/base/feeds/snippets/18433413888105089937
b000j54pac,http://www.google.com/base/feeds/snippets/18355630027419003625
b000j54pac,http://www.google.com/base/feeds/snippets/18378422702839985200
b000eplmpi,http://www.google.com/base/feeds/snippets/18433413888105089937
b000eplmpi,http://www.google.com/base/feeds/snippets/18355630027419003625
b000eplmpi,http://www.google.com/base/feeds/snippets/18378422702839985200
b000a6na6a,http://www.google.com/base/feeds/snippets/18433413888105089937
b000a6na6a,http://www.google.com/base/feeds/snippets/18355630027419003625
b000a6na6a,http://www.google.com/base/feeds/snippets/18378422702839985200
b000aa87pu,http://www.google.com/base/feeds/snippets/18433413888105089937
b000aa87pu,http://www.google.com/base/feeds/snippets/18355630027419003625
b000aa87pu,http://www.google.com/base/feeds/snippets/18378422702839985200
b0001av65w,http://www.google.com/base/feeds/snippets/18433413888105089937
b0001av65w,http://www.google.com/base/feeds/snippets/18355630027419003625
b0001av65w,http://www.google.com/base/feeds/snippets/18378422702839985200
b00001qgvr,http://www.google.com/base/feeds/snippets/18433413888105089937
b00001qgvr,http://www.google.com/base/feeds/snippets/18355630027419003625
b00001qgvr,http://www.google.com/base/feeds/snippets/18378422702839985200
b0002ce0v6,http://www.google.com/base/feeds/snippets/18433413888105089937
b0002ce0v6,http://www.google.com/base/feeds/snippets/18355630027419003625
b0002ce0v6,http://www.google.com/base/feeds/snippets/18378422702839985200
b0000c7gep,http://www.google.com/base/feeds/snippets/18433413888105089937
b0000c7gep,http://www.google.com/base/feeds/snippets/18355630027419003625
b0000c7gep,http://www.google.com/base/feeds/snippets/18378422702839985200
b0006b6b1a,http://www.google.com/base/feeds/snippets/18433413888105089937
b0006b6b1a,http://www.google.com/base/feeds/snippets/18355630027419003625
b0006b6b1a,http://www.google.com/base/feeds/snippets/18378422702839985200
b0000c4dx0,http://www.google.com/base/feeds/snippets/18433413888105089937
b0000c4dx0,http://www.google.com/base/feeds/snippets/18355630027419003625
b0000c4dx0,http://www.google.com/base/feeds/snippets/18378422702839985200
b000exu9ay,http://www.google.com/base/feeds/snippets/18433413888105089937
b000exu9ay,http://www.google.com/base/feeds/snippets/18355630027419003625
b000exu9ay,http://www.google.com/base/feeds/snippets/18378422702839985200
b000mfqzoi,http://www.google.com/base/feeds/snippets/18433413888105089937
b000mfqzoi,http://www.google.com/base/feeds/snippets/18355630027419003625
b000mfqzoi,http://www.google.com/base/feeds/snippets/18378422702839985200
b000k757w4,http://www.google.com/base/feeds/snippets/18433413888105089937
b000k757w4,http://www.google.com/base/feeds/snippets/18355630027419003625
b000k757w4,http://www.google.com/base/feeds/snippets/18378422702839985200
b000j588g4,http://www.google.com/base/feeds/snippets/18433413888105089937
b000j588g4,http://www.google.com/base/feeds/snippets/18355630027419003625
b000j588g4,http://www.google.com/base/feeds/snippets/18378422702839985200
b000a7q6n8,http://www.google.com/base/feeds/snippets/17953929889613420408
b000a7q6n8,http://www.google.com/base/feeds/snippets/4323218411575640054
b000a7q6n8,http://www.google.com/base/feeds/snippets/9700384320550908183
b000nvkyse,http://www.google.com/base/feeds/snippets/18426249152153175425
b000nvkyse,http://www.google.com/base/feeds/snippets/8506958797516287357
b000nvkyse,http://www.google.com/base/feeds/snippets/4749954713094759082
b000nvkyse,http://www.google.com/base/feeds/snippets/5100142948291279525
b000nvkyse,http://www.google.com/base/feeds/snippets/5449819493015414043
b000nvkyse,http://www.google.com/base/feeds/snippets/3072564526654826865
b000nvkyse,http://www.google.com/base/feeds/snippets/7249154325906371083
b000mmt6s8,http://www.google.com/base/feeds/snippets/18426249152153175425
b000mmt6s8,http://www.google.com/base/feeds/snippets/8506958797516287357
b000mmt6s8,http://www.google.com/base/feeds/snippets/4749954713094759082
b000mmt6s8,http://www.google.com/base/feeds/snippets/5100142948291279525
b000mmt6s8,http://www.google.com/base/feeds/snippets/5449819493015414043
b000mmt6s8,http://www.google.com/base/feeds/snippets/3072564526654826865
b000mmt6s8,http://www.google.com/base/feeds/snippets/7249154325906371083
b000e3e2km,http://www.google.com/base/feeds/snippets/18426249152153175425
b000e3e2km,http://www.google.com/base/feeds/snippets/8506958797516287357
b000e3e2km,http://www.google.com/base/feeds/snippets/4749954713094759082
b000e3e2km,http://www.google.com/base/feeds/snippets/5100142948291279525
b000e3e2km,http://www.google.com/base/feeds/snippets/5449819493015414043
b000e3e2km,http://www.google.com/base/feeds/snippets/3072564526654826865
b000e3e2km,http://www.google.com/base/feeds/snippets/7249154325906371083
b000qxd2tc,http://www.google.com/base/feeds/snippets/18426249152153175425
b000qxd2tc,http://www.google.com/base/feeds/snippets/8506958797516287357
b000qxd2tc,http://www.google.com/base/feeds/snippets/4749954713094759082
b000qxd2tc,http://www.google.com/base/feeds/snippets/5100142948291279525
b000qxd2tc,http://www.google.com/base/feeds/snippets/5449819493015414043
b000qxd2tc,http://www.google.com/base/feeds/snippets/3072564526654826865
b000qxd2tc,http://www.google.com/base/feeds/snippets/7249154325906371083
b000pienlo,http://www.google.com/base/feeds/snippets/18426249152153175425
b000pienlo,http://www.google.com/base/feeds/snippets/8506958797516287357
b000pienlo,http://www.google.com/base/feeds/snippets/4749954713094759082
b000pienlo,http://www.google.com/base/feeds/snippets/5100142948291279525
b000pienlo,http://www.google.com/base/feeds/snippets/5449819493015414043
b000pienlo,http://www.google.com/base/feeds/snippets/3072564526654826865
b000pienlo,http://www.google.com/base/feeds/snippets/7249154325906371083
b000eqieik,http://www.google.com/base/feeds/snippets/18426249152153175425
b000eqieik,http://www.google.com/base/feeds/snippets/8506958797516287357
b000eqieik,http://www.google.com/base/feeds/snippets/4749954713094759082
b000eqieik,http://www.google.com/base/feeds/snippets/5100142948291279525
b000eqieik,http://www.google.com/base/feeds/snippets/5449819493015414043
b000eqieik,http://www.google.com/base/feeds/snippets/3072564526654826865
b000eqieik,http://www.google.com/base/feeds/snippets/7249154325906371083
b000f4ei40,http://www.google.com/base/feeds/snippets/18426249152153175425
b000f4ei40,http://www.google.com/base/feeds/snippets/8506958797516287357
b000f4ei40,http://www.google.com/base/feeds/snippets/4749954713094759082
b000f4ei40,http://www.google.com/base/feeds/snippets/5100142948291279525
b000f4ei40,http://www.google.com/base/feeds/snippets/5449819493015414043
b000f4ei40,http://www.google.com/base/feeds/snippets/3072564526654826865
b000f4ei40,http://www.google.com/base/feeds/snippets/7249154325906371083
b000qxd2tm,http://www.google.com/base/feeds/snippets/18426249152153175425
b000qxd2tm,http://www.google.com/base/feeds/snippets/8506958797516287357
b000qxd2tm,http://www.google.com/base/feeds/snippets/4749954713094759082
b000qxd2tm,http://www.google.com/base/feeds/snippets/5100142948291279525
b000qxd2tm,http://www.google.com/base/feeds/snippets/5449819493015414043
b000qxd2tm,http://www.google.com/base/feeds/snippets/3072564526654826865
b000qxd2tm,http://www.google.com/base/feeds/snippets/7249154325906371083
b000lxdrjm,http://www.google.com/base/feeds/snippets/18426249152153175425
b000lxdrjm,http://www.google.com/base/feeds/snippets/8506958797516287357
b000lxdrjm,http://www.google.com/base/feeds/snippets/4749954713094759082
b000lxdrjm,http://www.google.com/base/feeds/snippets/5100142948291279525
b000lxdrjm,http://www.google.com/base/feeds/snippets/5449819493015414043
b000lxdrjm,http://www.google.com/base/feeds/snippets/3072564526654826865
b000lxdrjm,http://www.google.com/base/feeds/snippets/7249154325906371083
b000e3fn4g,http://www.google.com/base/feeds/snippets/18426249152153175425
b000e3fn4g,http://www.google.com/base/feeds/snippets/8506958797516287357
b000e3fn4g,http://www.google.com/base/feeds/snippets/4749954713094759082
b000e3fn4g,http://www.google.com/base/feeds/snippets/5100142948291279525
b000e3fn4g,http://www.google.com/base/feeds/snippets/5449819493015414043
b000e3fn4g,http://www.google.com/base/feeds/snippets/3072564526654826865
b000e3fn4g,http://www.google.com/base/feeds/snippets/7249154325906371083
b000fiejt0,http://www.google.com/base/feeds/snippets/18426249152153175425
b000fiejt0,http://www.google.com/base/feeds/snippets/8506958797516287357
b000fiejt0,http://www.google.com/base/feeds/snippets/4749954713094759082
b000fiejt0,http://www.google.com/base/feeds/snippets/5100142948291279525
b000fiejt0,http://www.google.com/base/feeds/snippets/5449819493015414043
b000fiejt0,http://www.google.com/base/feeds/snippets/3072564526654826865
b000fiejt0,http://www.google.com/base/feeds/snippets/7249154325906371083
b000lwfbem,http://www.google.com/base/feeds/snippets/18426249152153175425
b000lwfbem,http://www.google.com/base/feeds/snippets/8506958797516287357
b000lwfbem,http://www.google.com/base/feeds/snippets/4749954713094759082
b000lwfbem,http://www.google.com/base/feeds/snippets/5100142948291279525
b000lwfbem,http://www.google.com/base/feeds/snippets/5449819493015414043
b000lwfbem,http://www.google.com/base/feeds/snippets/3072564526654826865
b000lwfbem,http://www.google.com/base/feeds/snippets/7249154325906371083
b000v7vz1u,http://www.google.com/base/feeds/snippets/18426249152153175425
b000v7vz1u,http://www.google.com/base/feeds/snippets/8506958797516287357
b000v7vz1u,http://www.google.com/base/feeds/snippets/4749954713094759082
b000v7vz1u,http://www.google.com/base/feeds/snippets/5100142948291279525
b000v7vz1u,http://www.google.com/base/feeds/snippets/5449819493015414043
b000v7vz1u,http://www.google.com/base/feeds/snippets/3072564526654826865
b000v7vz1u,http://www.google.com/base/feeds/snippets/7249154325906371083
b000lroze4,http://www.google.com/base/feeds/snippets/18376040240975627932
b000kgg6ru,http://www.google.com/base/feeds/snippets/18376040240975627932
b000g80lqo,http://www.google.com/base/feeds/snippets/16053959517874989658
b000g80lqo,http://www.google.com/base/feeds/snippets/11588454381810137996
b000g80lqo,http://www.google.com/base/feeds/snippets/14635374465573072682
b000g7wses,http://www.google.com/base/feeds/snippets/16053959517874989658
b000g7wses,http://www.google.com/base/feeds/snippets/11588454381810137996
b000g7wses,http://www.google.com/base/feeds/snippets/14635374465573072682
b000g80lku,http://www.google.com/base/feeds/snippets/16053959517874989658
b000g80lku,http://www.google.com/base/feeds/snippets/11588454381810137996
b000g80lku,http://www.google.com/base/feeds/snippets/14635374465573072682
b000gb1xfo,http://www.google.com/base/feeds/snippets/16053959517874989658
b000gb1xfo,http://www.google.com/base/feeds/snippets/11588454381810137996
b000gb1xfo,http://www.google.com/base/feeds/snippets/14635374465573072682
b000gb0m7y,http://www.google.com/base/feeds/snippets/16053959517874989658
b000gb0m7y,http://www.google.com/base/feeds/snippets/11588454381810137996
b000gb0m7y,http://www.google.com/base/feeds/snippets/14635374465573072682
b000gaywoe,http://www.google.com/base/feeds/snippets/16053959517874989658
b000gaywoe,http://www.google.com/base/feeds/snippets/11588454381810137996
b000gaywoe,http://www.google.com/base/feeds/snippets/14635374465573072682
b000040p1z,http://www.google.com/base/feeds/snippets/18417864141770237281
b0000swyw4,http://www.google.com/base/feeds/snippets/18417864141770237281
b0009eu0ca,http://www.google.com/base/feeds/snippets/18411460412071411976
b000cpshfs,http://www.google.com/base/feeds/snippets/12991998923940483779
b000cpshfs,http://www.google.com/base/feeds/snippets/11954719051240282085
b000edvrtq,http://www.google.com/base/feeds/snippets/12991998923940483779
b000edvrtq,http://www.google.com/base/feeds/snippets/11954719051240282085
b000exu6cu,http://www.google.com/base/feeds/snippets/18424772291147437636
b000fiwtco,http://www.google.com/base/feeds/snippets/18424772291147437636
b000i2y0cy,http://www.google.com/base/feeds/snippets/18424772291147437636
b000qtu1ay,http://www.google.com/base/feeds/snippets/18424772291147437636
b00009v7hf,http://www.google.com/base/feeds/snippets/18424772291147437636
b000emgcxs,http://www.google.com/base/feeds/snippets/18424772291147437636
b000keho0a,http://www.google.com/base/feeds/snippets/18424772291147437636
b00009qenn,http://www.google.com/base/feeds/snippets/18424772291147437636
b000kehnzq,http://www.google.com/base/feeds/snippets/18424772291147437636
b000kehnvu,http://www.google.com/base/feeds/snippets/18424772291147437636
b0009i5px0,http://www.google.com/base/feeds/snippets/18424772291147437636
b0001na35s,http://www.google.com/base/feeds/snippets/18424772291147437636
b000keho1e,http://www.google.com/base/feeds/snippets/18424772291147437636
b000t9luce,http://www.google.com/base/feeds/snippets/18424772291147437636
b000m5ailo,http://www.google.com/base/feeds/snippets/18424772291147437636
b0000ycfcw,http://www.google.com/base/feeds/snippets/18411875162562199123
b0000ycfcw,http://www.google.com/base/feeds/snippets/12203635138191657547
b0000ycfcw,http://www.google.com/base/feeds/snippets/10066664236286478958
b000bcz8ng,http://www.google.com/base/feeds/snippets/18411875162562199123
b000bcz8ng,http://www.google.com/base/feeds/snippets/12203635138191657547
b000bcz8ng,http://www.google.com/base/feeds/snippets/10066664236286478958
b000ap2wyw,http://www.google.com/base/feeds/snippets/18411875162562199123
b000ap2wyw,http://www.google.com/base/feeds/snippets/12203635138191657547
b000ap2wyw,http://www.google.com/base/feeds/snippets/10066664236286478958
b0000ycfdq,http://www.google.com/base/feeds/snippets/18411875162562199123
b0000ycfdq,http://www.google.com/base/feeds/snippets/12203635138191657547
b0000ycfdq,http://www.google.com/base/feeds/snippets/10066664236286478958
b0007yepy6,http://www.google.com/base/feeds/snippets/18411875162562199123
b0007yepy6,http://www.google.com/base/feeds/snippets/12203635138191657547
b0007yepy6,http://www.google.com/base/feeds/snippets/10066664236286478958
b000ivhozk,http://www.google.com/base/feeds/snippets/18411875162562199123
b000ivhozk,http://www.google.com/base/feeds/snippets/12203635138191657547
b000ivhozk,http://www.google.com/base/feeds/snippets/10066664236286478958
b000buqo9a,http://www.google.com/base/feeds/snippets/18411875162562199123
b000buqo9a,http://www.google.com/base/feeds/snippets/12203635138191657547
b000buqo9a,http://www.google.com/base/feeds/snippets/10066664236286478958
b00032heya,http://www.google.com/base/feeds/snippets/18411875162562199123
b00032heya,http://www.google.com/base/feeds/snippets/12203635138191657547
b00032heya,http://www.google.com/base/feeds/snippets/10066664236286478958
b000butd6q,http://www.google.com/base/feeds/snippets/18411875162562199123
b000butd6q,http://www.google.com/base/feeds/snippets/12203635138191657547
b000butd6q,http://www.google.com/base/feeds/snippets/10066664236286478958
b00032hexq,http://www.google.com/base/feeds/snippets/18411875162562199123
b00032hexq,http://www.google.com/base/feeds/snippets/12203635138191657547
b00032hexq,http://www.google.com/base/feeds/snippets/10066664236286478958
b000b6vlh4,http://www.google.com/base/feeds/snippets/18411875162562199123
b000b6vlh4,http://www.google.com/base/feeds/snippets/12203635138191657547
b000b6vlh4,http://www.google.com/base/feeds/snippets/10066664236286478958
b00020633g,http://www.google.com/base/feeds/snippets/18411875162562199123
b00020633g,http://www.google.com/base/feeds/snippets/12203635138191657547
b00020633g,http://www.google.com/base/feeds/snippets/10066664236286478958
b000ap0h94,http://www.google.com/base/feeds/snippets/18411875162562199123
b000ap0h94,http://www.google.com/base/feeds/snippets/12203635138191657547
b000ap0h94,http://www.google.com/base/feeds/snippets/10066664236286478958
b0000ycfe0,http://www.google.com/base/feeds/snippets/18411875162562199123
b0000ycfe0,http://www.google.com/base/feeds/snippets/12203635138191657547
b0000ycfe0,http://www.google.com/base/feeds/snippets/10066664236286478958
b000ap422c,http://www.google.com/base/feeds/snippets/18411875162562199123
b000ap422c,http://www.google.com/base/feeds/snippets/12203635138191657547
b000ap422c,http://www.google.com/base/feeds/snippets/10066664236286478958
b000099sin,http://www.google.com/base/feeds/snippets/18411875162562199123
b000099sin,http://www.google.com/base/feeds/snippets/12203635138191657547
b000099sin,http://www.google.com/base/feeds/snippets/10066664236286478958
b000gaoo7y,http://www.google.com/base/feeds/snippets/18411875162562199123
b000gaoo7y,http://www.google.com/base/feeds/snippets/12203635138191657547
b000gaoo7y,http://www.google.com/base/feeds/snippets/10066664236286478958
b000j4k804,http://www.google.com/base/feeds/snippets/18411875162562199123
b000j4k804,http://www.google.com/base/feeds/snippets/12203635138191657547
b000j4k804,http://www.google.com/base/feeds/snippets/10066664236286478958
b0008ews9o,http://www.google.com/base/feeds/snippets/18411875162562199123
b0008ews9o,http://www.google.com/base/feeds/snippets/12203635138191657547
b0008ews9o,http://www.google.com/base/feeds/snippets/10066664236286478958
b0009y6f0g,http://www.google.com/base/feeds/snippets/18411875162562199123
b0009y6f0g,http://www.google.com/base/feeds/snippets/12203635138191657547
b0009y6f0g,http://www.google.com/base/feeds/snippets/10066664236286478958
b000jx29wa,http://www.google.com/base/feeds/snippets/18411875162562199123
b000jx29wa,http://www.google.com/base/feeds/snippets/12203635138191657547
b000jx29wa,http://www.google.com/base/feeds/snippets/10066664236286478958
b0008ewsai,http://www.google.com/base/feeds/snippets/18411875162562199123
b0008ewsai,http://www.google.com/base/feeds/snippets/12203635138191657547
b0008ewsai,http://www.google.com/base/feeds/snippets/10066664236286478958
b00009adf3,http://www.google.com/base/feeds/snippets/18411875162562199123
b00009adf3,http://www.google.com/base/feeds/snippets/12203635138191657547
b00009adf3,http://www.google.com/base/feeds/snippets/10066664236286478958
b000099sim,http://www.google.com/base/feeds/snippets/18411875162562199123
b000099sim,http://www.google.com/base/feeds/snippets/12203635138191657547
b000099sim,http://www.google.com/base/feeds/snippets/10066664236286478958
b0009y6ewu,http://www.google.com/base/feeds/snippets/18411875162562199123
b0009y6ewu,http://www.google.com/base/feeds/snippets/12203635138191657547
b0009y6ewu,http://www.google.com/base/feeds/snippets/10066664236286478958
b000h25yse,http://www.google.com/base/feeds/snippets/18411875162562199123
b000h25yse,http://www.google.com/base/feeds/snippets/12203635138191657547
b000h25yse,http://www.google.com/base/feeds/snippets/10066664236286478958
b000h229hi,http://www.google.com/base/feeds/snippets/18411875162562199123
b000h229hi,http://www.google.com/base/feeds/snippets/12203635138191657547
b000h229hi,http://www.google.com/base/feeds/snippets/10066664236286478958
b00008nruc,http://www.google.com/base/feeds/snippets/18411875162562199123
b00008nruc,http://www.google.com/base/feeds/snippets/12203635138191657547
b00008nruc,http://www.google.com/base/feeds/snippets/10066664236286478958
b000egwc42,http://www.google.com/base/feeds/snippets/18411875162562199123
b000egwc42,http://www.google.com/base/feeds/snippets/12203635138191657547
b000egwc42,http://www.google.com/base/feeds/snippets/10066664236286478958
b000q1n7du,http://www.google.com/base/feeds/snippets/18411875162562199123
b000q1n7du,http://www.google.com/base/feeds/snippets/12203635138191657547
b000q1n7du,http://www.google.com/base/feeds/snippets/10066664236286478958
b000hlv6mi,http://www.google.com/base/feeds/snippets/18411875162562199123
b000hlv6mi,http://www.google.com/base/feeds/snippets/12203635138191657547
b000hlv6mi,http://www.google.com/base/feeds/snippets/10066664236286478958
b0000afu4e,http://www.google.com/base/feeds/snippets/18411875162562199123
b0000afu4e,http://www.google.com/base/feeds/snippets/12203635138191657547
b0000afu4e,http://www.google.com/base/feeds/snippets/10066664236286478958
b0008ews6w,http://www.google.com/base/feeds/snippets/18411875162562199123
b0008ews6w,http://www.google.com/base/feeds/snippets/12203635138191657547
b0008ews6w,http://www.google.com/base/feeds/snippets/10066664236286478958
b0007yepyg,http://www.google.com/base/feeds/snippets/18411875162562199123
b0007yepyg,http://www.google.com/base/feeds/snippets/12203635138191657547
b0007yepyg,http://www.google.com/base/feeds/snippets/10066664236286478958
b00032heyk,http://www.google.com/base/feeds/snippets/18411875162562199123
b00032heyk,http://www.google.com/base/feeds/snippets/12203635138191657547
b00032heyk,http://www.google.com/base/feeds/snippets/10066664236286478958
b0000ycfdg,http://www.google.com/base/feeds/snippets/18411875162562199123
b0000ycfdg,http://www.google.com/base/feeds/snippets/12203635138191657547
b0000ycfdg,http://www.google.com/base/feeds/snippets/10066664236286478958
b0009y6f56,http://www.google.com/base/feeds/snippets/18411875162562199123
b0009y6f56,http://www.google.com/base/feeds/snippets/12203635138191657547
b0009y6f56,http://www.google.com/base/feeds/snippets/10066664236286478958
b000b0gzu8,http://www.google.com/base/feeds/snippets/18411875162562199123
b000b0gzu8,http://www.google.com/base/feeds/snippets/12203635138191657547
b000b0gzu8,http://www.google.com/base/feeds/snippets/10066664236286478958
b00032hey0,http://www.google.com/base/feeds/snippets/18411875162562199123
b00032hey0,http://www.google.com/base/feeds/snippets/12203635138191657547
b00032hey0,http://www.google.com/base/feeds/snippets/10066664236286478958
b0002r74a0,http://www.google.com/base/feeds/snippets/18411875162562199123
b0002r74a0,http://www.google.com/base/feeds/snippets/12203635138191657547
b0002r74a0,http://www.google.com/base/feeds/snippets/10066664236286478958
b000fkd3cc,http://www.google.com/base/feeds/snippets/18411875162562199123
b000fkd3cc,http://www.google.com/base/feeds/snippets/12203635138191657547
b000fkd3cc,http://www.google.com/base/feeds/snippets/10066664236286478958
b000t53788,http://www.google.com/base/feeds/snippets/18411875162562199123
b000t53788,http://www.google.com/base/feeds/snippets/12203635138191657547
b000t53788,http://www.google.com/base/feeds/snippets/10066664236286478958
b000bgtv80,http://www.google.com/base/feeds/snippets/18411875162562199123
b000bgtv80,http://www.google.com/base/feeds/snippets/12203635138191657547
b000bgtv80,http://www.google.com/base/feeds/snippets/10066664236286478958
b000bgpqr0,http://www.google.com/base/feeds/snippets/18411875162562199123
b000bgpqr0,http://www.google.com/base/feeds/snippets/12203635138191657547
b000bgpqr0,http://www.google.com/base/feeds/snippets/10066664236286478958
b000bknncq,http://www.google.com/base/feeds/snippets/18411875162562199123
b000bknncq,http://www.google.com/base/feeds/snippets/12203635138191657547
b000bknncq,http://www.google.com/base/feeds/snippets/10066664236286478958
b0008ewsf8,http://www.google.com/base/feeds/snippets/18411875162562199123
b0008ewsf8,http://www.google.com/base/feeds/snippets/12203635138191657547
b0008ewsf8,http://www.google.com/base/feeds/snippets/10066664236286478958
b000bgtvda,http://www.google.com/base/feeds/snippets/18411875162562199123
b000bgtvda,http://www.google.com/base/feeds/snippets/12203635138191657547
b000bgtvda,http://www.google.com/base/feeds/snippets/10066664236286478958
b000ivl050,http://www.google.com/base/feeds/snippets/18411875162562199123
b000ivl050,http://www.google.com/base/feeds/snippets/12203635138191657547
b000ivl050,http://www.google.com/base/feeds/snippets/10066664236286478958
b000gcd73y,http://www.google.com/base/feeds/snippets/18411875162562199123
b000gcd73y,http://www.google.com/base/feeds/snippets/12203635138191657547
b000gcd73y,http://www.google.com/base/feeds/snippets/10066664236286478958
b000bcdrdo,http://www.google.com/base/feeds/snippets/18411875162562199123
b000bcdrdo,http://www.google.com/base/feeds/snippets/12203635138191657547
b000bcdrdo,http://www.google.com/base/feeds/snippets/10066664236286478958
b0007yepx2,http://www.google.com/base/feeds/snippets/18411875162562199123
b0007yepx2,http://www.google.com/base/feeds/snippets/12203635138191657547
b0007yepx2,http://www.google.com/base/feeds/snippets/10066664236286478958
b0002dlrru,http://www.google.com/base/feeds/snippets/18411875162562199123
b0002dlrru,http://www.google.com/base/feeds/snippets/12203635138191657547
b0002dlrru,http://www.google.com/base/feeds/snippets/10066664236286478958
b000p49vis,http://www.google.com/base/feeds/snippets/18411875162562199123
b000p49vis,http://www.google.com/base/feeds/snippets/12203635138191657547
b000p49vis,http://www.google.com/base/feeds/snippets/10066664236286478958
b000eiau3u,http://www.google.com/base/feeds/snippets/18411875162562199123
b000eiau3u,http://www.google.com/base/feeds/snippets/12203635138191657547
b000eiau3u,http://www.google.com/base/feeds/snippets/10066664236286478958
b000bgpqos,http://www.google.com/base/feeds/snippets/18411875162562199123
b000bgpqos,http://www.google.com/base/feeds/snippets/12203635138191657547
b000bgpqos,http://www.google.com/base/feeds/snippets/10066664236286478958
b000q1pyv8,http://www.google.com/base/feeds/snippets/18411875162562199123
b000q1pyv8,http://www.google.com/base/feeds/snippets/12203635138191657547
b000q1pyv8,http://www.google.com/base/feeds/snippets/10066664236286478958
b000ivjv10,http://www.google.com/base/feeds/snippets/18411875162562199123
b000ivjv10,http://www.google.com/base/feeds/snippets/12203635138191657547
b000ivjv10,http://www.google.com/base/feeds/snippets/10066664236286478958
b0007yepxc,http://www.google.com/base/feeds/snippets/18411875162562199123
b0007yepxc,http://www.google.com/base/feeds/snippets/12203635138191657547
b0007yepxc,http://www.google.com/base/feeds/snippets/10066664236286478958
b000a40w4a,http://www.google.com/base/feeds/snippets/18411875162562199123
b000a40w4a,http://www.google.com/base/feeds/snippets/12203635138191657547
b000a40w4a,http://www.google.com/base/feeds/snippets/10066664236286478958
b000eg6d5q,http://www.google.com/base/feeds/snippets/18411875162562199123
b000eg6d5q,http://www.google.com/base/feeds/snippets/12203635138191657547
b000eg6d5q,http://www.google.com/base/feeds/snippets/10066664236286478958
b000fk8b42,http://www.google.com/base/feeds/snippets/18411875162562199123
b000fk8b42,http://www.google.com/base/feeds/snippets/12203635138191657547
b000fk8b42,http://www.google.com/base/feeds/snippets/10066664236286478958
b00099xdpq,http://www.google.com/base/feeds/snippets/18411875162562199123
b00099xdpq,http://www.google.com/base/feeds/snippets/12203635138191657547
b00099xdpq,http://www.google.com/base/feeds/snippets/10066664236286478958
b000fkbhlg,http://www.google.com/base/feeds/snippets/18411875162562199123
b000fkbhlg,http://www.google.com/base/feeds/snippets/12203635138191657547
b000fkbhlg,http://www.google.com/base/feeds/snippets/10066664236286478958
b000q1pyzo,http://www.google.com/base/feeds/snippets/18411875162562199123
b000q1pyzo,http://www.google.com/base/feeds/snippets/12203635138191657547
b000q1pyzo,http://www.google.com/base/feeds/snippets/10066664236286478958
b000jx5nm8,http://www.google.com/base/feeds/snippets/18411875162562199123
b000jx5nm8,http://www.google.com/base/feeds/snippets/12203635138191657547
b000jx5nm8,http://www.google.com/base/feeds/snippets/10066664236286478958
b000nknaze,http://www.google.com/base/feeds/snippets/18411875162562199123
b000nknaze,http://www.google.com/base/feeds/snippets/12203635138191657547
b000nknaze,http://www.google.com/base/feeds/snippets/10066664236286478958
b00008wiww,http://www.google.com/base/feeds/snippets/18411875162562199123
b00008wiww,http://www.google.com/base/feeds/snippets/12203635138191657547
b00008wiww,http://www.google.com/base/feeds/snippets/10066664236286478958
b000gcgqvy,http://www.google.com/base/feeds/snippets/18411875162562199123
b000gcgqvy,http://www.google.com/base/feeds/snippets/12203635138191657547
b000gcgqvy,http://www.google.com/base/feeds/snippets/10066664236286478958
1931102953,http://www.google.com/base/feeds/snippets/18411875162562199123
1931102953,http://www.google.com/base/feeds/snippets/12203635138191657547
1931102953,http://www.google.com/base/feeds/snippets/10066664236286478958
b0000yebre,http://www.google.com/base/feeds/snippets/18411875162562199123
b0000yebre,http://www.google.com/base/feeds/snippets/12203635138191657547
b0000yebre,http://www.google.com/base/feeds/snippets/10066664236286478958
b000bgtvbc,http://www.google.com/base/feeds/snippets/18411875162562199123
b000bgtvbc,http://www.google.com/base/feeds/snippets/12203635138191657547
b000bgtvbc,http://www.google.com/base/feeds/snippets/10066664236286478958
b000jx84va,http://www.google.com/base/feeds/snippets/18411875162562199123
b000jx84va,http://www.google.com/base/feeds/snippets/12203635138191657547
b000jx84va,http://www.google.com/base/feeds/snippets/10066664236286478958
b0009x6qew,http://www.google.com/base/feeds/snippets/18411875162562199123
b0009x6qew,http://www.google.com/base/feeds/snippets/12203635138191657547
b0009x6qew,http://www.google.com/base/feeds/snippets/10066664236286478958
b000i82j80,http://www.google.com/base/feeds/snippets/7702263644150091221
b000i82j80,http://www.google.com/base/feeds/snippets/3306668805908280679
b000i82j80,http://www.google.com/base/feeds/snippets/13523201367240249515
b000i82j80,http://www.google.com/base/feeds/snippets/5100323510083618710
b000i82j80,http://www.google.com/base/feeds/snippets/4615810080995000742
b000i82j80,http://www.google.com/base/feeds/snippets/4036053921422681767
b000i82j80,http://www.google.com/base/feeds/snippets/17031778429388398652
b000bcgfe2,http://www.google.com/base/feeds/snippets/7702263644150091221
b000bcgfe2,http://www.google.com/base/feeds/snippets/3306668805908280679
b000bcgfe2,http://www.google.com/base/feeds/snippets/13523201367240249515
b000bcgfe2,http://www.google.com/base/feeds/snippets/5100323510083618710
b000bcgfe2,http://www.google.com/base/feeds/snippets/4615810080995000742
b000bcgfe2,http://www.google.com/base/feeds/snippets/4036053921422681767
b000bcgfe2,http://www.google.com/base/feeds/snippets/17031778429388398652
b000oziaz8,http://www.google.com/base/feeds/snippets/7702263644150091221
b000oziaz8,http://www.google.com/base/feeds/snippets/3306668805908280679
b000oziaz8,http://www.google.com/base/feeds/snippets/13523201367240249515
b000oziaz8,http://www.google.com/base/feeds/snippets/5100323510083618710
b000oziaz8,http://www.google.com/base/feeds/snippets/4615810080995000742
b000oziaz8,http://www.google.com/base/feeds/snippets/4036053921422681767
b000oziaz8,http://www.google.com/base/feeds/snippets/17031778429388398652
b000ozia62,http://www.google.com/base/feeds/snippets/7702263644150091221
b000ozia62,http://www.google.com/base/feeds/snippets/3306668805908280679
b000ozia62,http://www.google.com/base/feeds/snippets/13523201367240249515
b000ozia62,http://www.google.com/base/feeds/snippets/5100323510083618710
b000ozia62,http://www.google.com/base/feeds/snippets/4615810080995000742
b000ozia62,http://www.google.com/base/feeds/snippets/4036053921422681767
b000ozia62,http://www.google.com/base/feeds/snippets/17031778429388398652
b000in34bq,http://www.google.com/base/feeds/snippets/7702263644150091221
b000in34bq,http://www.google.com/base/feeds/snippets/3306668805908280679
b000in34bq,http://www.google.com/base/feeds/snippets/13523201367240249515
b000in34bq,http://www.google.com/base/feeds/snippets/5100323510083618710
b000in34bq,http://www.google.com/base/feeds/snippets/4615810080995000742
b000in34bq,http://www.google.com/base/feeds/snippets/4036053921422681767
b000in34bq,http://www.google.com/base/feeds/snippets/17031778429388398652
b000in6trc,http://www.google.com/base/feeds/snippets/7702263644150091221
b000in6trc,http://www.google.com/base/feeds/snippets/3306668805908280679
b000in6trc,http://www.google.com/base/feeds/snippets/13523201367240249515
b000in6trc,http://www.google.com/base/feeds/snippets/5100323510083618710
b000in6trc,http://www.google.com/base/feeds/snippets/4615810080995000742
b000in6trc,http://www.google.com/base/feeds/snippets/4036053921422681767
b000in6trc,http://www.google.com/base/feeds/snippets/17031778429388398652
b000ri161w,http://www.google.com/base/feeds/snippets/7702263644150091221
b000ri161w,http://www.google.com/base/feeds/snippets/3306668805908280679
b000ri161w,http://www.google.com/base/feeds/snippets/13523201367240249515
b000ri161w,http://www.google.com/base/feeds/snippets/5100323510083618710
b000ri161w,http://www.google.com/base/feeds/snippets/4615810080995000742
b000ri161w,http://www.google.com/base/feeds/snippets/4036053921422681767
b000ri161w,http://www.google.com/base/feeds/snippets/17031778429388398652
b0009i5sgy,http://www.google.com/base/feeds/snippets/7702263644150091221
b0009i5sgy,http://www.google.com/base/feeds/snippets/3306668805908280679
b0009i5sgy,http://www.google.com/base/feeds/snippets/13523201367240249515
b0009i5sgy,http://www.google.com/base/feeds/snippets/5100323510083618710
b0009i5sgy,http://www.google.com/base/feeds/snippets/4615810080995000742
b0009i5sgy,http://www.google.com/base/feeds/snippets/4036053921422681767
b0009i5sgy,http://www.google.com/base/feeds/snippets/17031778429388398652
b000b6n2o4,http://www.google.com/base/feeds/snippets/7702263644150091221
b000b6n2o4,http://www.google.com/base/feeds/snippets/3306668805908280679
b000b6n2o4,http://www.google.com/base/feeds/snippets/13523201367240249515
b000b6n2o4,http://www.google.com/base/feeds/snippets/5100323510083618710
b000b6n2o4,http://www.google.com/base/feeds/snippets/4615810080995000742
b000b6n2o4,http://www.google.com/base/feeds/snippets/4036053921422681767
b000b6n2o4,http://www.google.com/base/feeds/snippets/17031778429388398652
b0009hj5ve,http://www.google.com/base/feeds/snippets/7702263644150091221
b0009hj5ve,http://www.google.com/base/feeds/snippets/3306668805908280679
b0009hj5ve,http://www.google.com/base/feeds/snippets/13523201367240249515
b0009hj5ve,http://www.google.com/base/feeds/snippets/5100323510083618710
b0009hj5ve,http://www.google.com/base/feeds/snippets/4615810080995000742
b0009hj5ve,http://www.google.com/base/feeds/snippets/4036053921422681767
b0009hj5ve,http://www.google.com/base/feeds/snippets/17031778429388398652
